#{"t_start": 1789930880.165249, "env_id": null}
r,l,t,is_success,final_distance,tau_sum_total,episode_energy,episode_mean_tau_sum
-133.708258,200,1.623243,0.0,0.4296386633108572,3341.057618856663,20.471151858418686,16.705288094283315
-116.742102,200,1.753767,0.0,0.4270404675429837,3246.7422982473513,19.55391776380606,16.233711491236757
-154.257853,200,1.887297,0.0,0.5764108187479029,3530.4401854375615,20.422913209174137,17.652200927187806
-150.107745,200,2.038897,0.0,0.5880288987520448,3315.563575612509,18.84875064844603,16.577817878062543
-79.227347,200,2.184391,0.0,0.2724509790846617,3491.8096587475297,20.320428121910194,17.45904829373765
-93.983568,200,2.331428,0.0,0.26656494713098083,3601.894205280245,20.28380509577597,18.009471026401226
-168.070324,200,2.449944,0.0,0.6389728797077256,3388.614031073532,18.83273091385562,16.94307015536766
-222.8253,200,2.568459,0.0,0.9222716327251809,3420.576698478946,19.707370039090407,17.10288349239473
-224.656333,200,2.690982,0.0,0.952846302301833,3667.6746368120903,20.613579642541364,18.33837318406045
-108.184273,200,2.815224,0.0,0.31229470231041434,3521.987673253338,20.16473148455808,17.60993836626669
-100.547956,200,3.241474,0.0,0.37226377749365014,3504.4915675391653,20.671587741346475,17.522457837695825
-121.985703,200,3.381988,0.0,0.3719146947774504,3630.8379603764224,20.101360257911658,18.15418980188211
-136.077732,200,3.514021,0.0,0.3755088391329376,3101.8546473631254,18.98487898717283,15.509273236815627
-163.235768,200,3.638965,0.0,0.6437840898827688,3464.65659291364,19.65646412437252,17.3232829645682
-190.215619,200,3.761932,0.0,0.7150336857124687,3413.061895919815,20.329997175302093,17.065309479599076
-145.388998,200,3.875703,0.0,0.5938512856511335,3520.467955990072,19.96156715250614,17.60233977995036
-78.410007,200,3.985175,0.0,0.20676729637724067,3219.777735574086,18.85133230446322,16.09888867787043
-204.198161,200,4.090767,0.0,0.8386565692210675,3427.7940592458904,19.280275136688246,17.138970296229452
-204.985873,200,4.198246,0.0,0.8558003611391002,3479.972278197959,20.041443144730817,17.399861390989795
-74.717084,200,4.307769,0.0,0.18177123367094647,3393.0266801843204,19.951688513621516,16.9651334009216
-197.485143,200,4.68751,0.0,0.7345959271156075,3265.18591952105,19.917913148077865,16.32592959760525
-148.914151,200,4.811405,0.0,0.5645632878756089,3678.975299520871,21.163948741487363,18.394876497604354
-189.848554,200,4.92604,0.0,0.7895915622950339,3225.88722672049,19.153522938670605,16.12943613360245
-180.658555,200,5.053561,0.0,0.8929372261813957,3345.7444623651213,20.229346490053686,16.728722311825607
-138.292762,200,5.172088,0.0,0.6792482377506326,3287.644009139737,19.47239802057731,16.438220045698685
-192.238214,200,5.294609,0.0,0.8095829284987272,3214.8733432872637,19.011635209481796,16.07436671643632
-117.791648,200,5.406139,0.0,0.5696214914946583,3345.696361567254,19.02174253066454,16.72848180783627
-229.14855,200,5.512672,0.0,1.0399945898669818,3353.5132201130614,20.03251606382785,16.767566100565308
-81.762281,200,5.619709,0.0,0.25903605749016084,3366.3593502773533,19.546800525199362,16.831796751386765
-167.491847,200,5.724228,0.0,0.7089863217922769,3123.9845331059523,18.880258781256327,15.619922665529762
-89.220349,200,6.123657,0.0,0.35475991962654957,3277.8235564970273,19.615073376161774,16.389117782485137
-179.126316,200,6.259247,0.0,0.8658463827699958,3380.301857432314,19.575696027876035,16.90150928716157
-176.028767,200,6.373762,0.0,0.9846492958043176,3345.8028611050127,19.125200103992253,16.729014305525062
-157.443625,200,6.485285,0.0,0.5949806325432115,3685.8268785870728,20.440768595105936,18.429134392935364
-139.987383,200,6.595462,0.0,0.4919673988258501,3124.579376084071,18.647259782632112,15.622896880420356
-116.029338,200,6.712034,0.0,0.5501379914085729,3525.254736494603,20.909411882388707,17.626273682473016
-169.563354,200,6.830966,0.0,0.6908754545510584,3204.9073492719353,18.186579564196116,16.024536746359676
-204.621889,200,6.938529,0.0,0.8326176120758125,3396.0117730234756,19.704865233768395,16.98005886511738
-124.956418,200,7.045086,0.0,0.45593628795470603,3110.043472262844,17.78336645267924,15.55021736131422
-236.694628,200,7.151595,0.0,0.9846097726955996,3433.6196897618406,19.365177760075056,17.168098448809204
-75.883509,200,7.597662,0.0,0.17232091352495973,3498.090837873202,20.68281940289199,17.49045418936601
-157.387275,200,7.737675,0.0,0.6062800121420757,3456.7476200967094,19.837636058866302,17.283738100483546
-172.342432,200,7.85819,0.0,0.6746344363093223,3412.7218853010854,20.150243379212935,17.063609426505426
-168.173699,200,7.970711,0.0,0.7187986133009386,3260.6134505829577,18.875564763958074,16.30306725291479
-93.537394,200,8.085233,0.0,0.2821748778311539,3367.8124913784673,19.944576750836948,16.839062456892336
-78.447929,200,8.206105,0.0,0.32071611274640555,3296.7271162444063,19.38002265637604,16.483635581222032
-119.342575,200,8.329853,0.0,0.3490501980342802,3293.0649611517724,19.171497921301654,16.46532480575886
-174.626637,200,8.443633,0.0,0.7113561032440068,3311.182463341835,19.06726911580485,16.555912316709176
-144.040422,200,8.55174,0.0,0.6944292945228661,3282.933778267847,19.61416449023826,16.414668891339236
-139.426784,200,8.661264,0.0,0.5127994440141096,3235.090822663636,19.527145151164,16.17545411331818
-119.645039,200,8.768781,0.0,0.39320891407752095,3159.146709396791,18.908537380125335,15.795733546983953
-127.432133,200,9.167617,0.0,0.450707291339548,3248.6252622105517,19.463731149845227,16.24312631105276
-165.414445,200,9.303135,0.0,0.6457076213805947,3190.6680380502344,18.93939766088924,15.953340190251172
-216.073188,200,9.429035,0.0,0.8971108126578242,3617.5493888653746,20.520673281858507,18.087746944326874
-158.734173,200,9.56255,0.0,0.6609346332111258,3320.2377099774353,18.85561664402879,16.601188549887176
-204.225439,200,9.68907,0.0,0.8847889521005525,3072.316487898305,18.219035915695162,15.361582439491524
-138.106708,200,9.821462,0.0,0.5352030133893937,3097.25018227769,19.048298513155366,15.48625091138845
-163.048086,200,9.95127,0.0,0.6299275289070352,3455.4978204050103,20.565225761966477,17.27748910202505
-220.557529,200,10.083785,0.0,0.94736892387542,3368.270865884458,19.483610529566924,16.84135432942229
-183.571673,200,10.201302,0.0,0.8269306496244268,3362.3313677632063,19.89945778730426,16.81165683881603
-145.89687,200,10.322289,0.0,0.5136975438090463,3292.552488312384,19.749546775763875,16.46276244156192
-167.077408,200,10.789971,0.0,0.5745814946848109,3283.3910905775087,18.715801154864838,16.416955452887542
-133.181247,200,10.92724,0.0,0.38534480462298226,3406.2659996715424,19.511994366744513,17.031329998357712
-194.762953,200,11.066765,0.0,0.8188708334878897,3437.310095633279,19.775006835365662,17.186550478166396
-108.418877,200,11.198282,0.0,0.37890437569137503,3414.7482920107773,19.551025464565495,17.073741460053885
-106.869158,200,11.324322,0.0,0.41739026015120867,3381.603989437133,19.74360205162397,16.908019947185664
-116.494024,200,11.44384,0.0,0.3868292085349244,3332.559280328052,19.68502164992257,16.66279640164026
-112.651234,200,11.558373,0.0,0.45294079266290777,3122.7408574945844,18.53085492159444,15.613704287472922
-176.679899,200,11.667874,0.0,0.7046732376641491,3199.188219705066,18.53663422807419,15.995941098525329
-66.766245,200,11.775029,0.0,0.13420561061074163,3466.219629953362,19.94145545912057,17.33109814976681
-178.00372,200,11.882555,0.0,0.8297463528065745,3171.041616369915,18.39502994919893,15.855208081849575
