mode,seed,episode_idx,success,final_distance,length,return,tau_effort,tau_sum_total,energy,target_radius,torque_sat1_count,torque_sat2_count,torque_sat_any_count,torque_sat1_rate,torque_sat2_rate,torque_sat_any_rate,step,theta1,theta2,target_x,target_y,action0,action1,distance,tau1,tau2,tau_sum,omega1,omega2,power,cumulative_energy,tip_x,tip_y,sat1,sat2,sat_any,reward,done
pure,1,16,1,0.04984402754226018,93,-9.997737665260848,0.8900281938793375,82.7726220307784,0.4578744513774828,0.86694621586851,1,0,1,0.010752688172043012,0.0,0.010752688172043012,0,0.0,0.0,0.8663116097450256,0.033165283501148224,0.0,0.0,0.13774077725451478,0.0,0.0,0.0,0.0,0.0,0.0,0.0,1.0,0.0,False,False,False,0.0,False
pure,1,16,1,0.04984402754226018,93,-9.997737665260848,0.8900281938793375,82.7726220307784,0.4578744513774828,0.86694621586851,1,0,1,0.010752688172043012,0.0,0.010752688172043012,1,0.0,0.0,0.8663116097450256,0.033165283501148224,0.10000000149011612,0.10000000149011612,0.13526602258374973,20.0,3.1105159320256677,23.110515932025667,1.6857737576570138,2.400000035762787,41.18071350124259,0.17158630625517746,0.9999152421951294,0.012023617513477802,True,False,True,-0.13950866346648022,False
pure,1,16,1,0.04984402754226018,93,-9.997737665260848,0.8900281938793375,82.7726220307784,0.4578744513774828,0.86694621586851,1,0,1,0.010752688172043012,0.0,0.010752688172043012,2,0.00702405720949173,0.009999999776482582,0.8663116097450256,0.033165283501148224,0.10000000149011612,0.10000000149011612,0.1334149455703839,7.70733011086543,0.5461881733495724,8.253518284215003,2.400000035762787,2.399748214650084,19.808306635571267,0.2541209172367244,0.9995849132537842,0.027018895372748375,False,False,False,-0.1376575864531144,False
pure,1,16,1,0.04984402754226018,93,-9.997737665260848,0.8900281938793375,82.7726220307784,0.4578744513774828,0.86694621586851,1,0,1,0.010752688172043012,0.0,0.010752688172043012,3,0.017024056985974312,0.019998950883746147,0.8663116097450256,0.033165283501148224,0.10000000149011612,0.10000000149011612,0.13298729613173416,0.012964453801222048,0.003658842271611695,0.01662329607283374,2.4000000357627864,2.39991467952911,0.039895598864300455,0.254287148898659,0.9990047216415405,0.04200625792145729,False,False,False,-0.13722993701446465,False
pure,1,16,1,0.04984402754226018,93,-9.997737665260848,0.8900281938793375,82.7726220307784,0.4578744513774828,0.86694621586851,1,0,1,0.010752688172043012,0.0,0.010752688172043012,4,0.027024056762456894,0.029998594895005226,0.8663116097450256,0.033165283501148224,0.056808724999427795,0.10000000149011612,0.13353223755412932,11.161665494191885,0.7855436731033643,11.947209167295249,1.363409399986267,2.400025789544665,17.103244728545295,0.32555066860093107,0.9984117746353149,0.052669353783130646,False,False,False,-0.13698252863639232,False
pure,1,16,1,0.04984402754226018,93,-9.997737665260848,0.8900281938793375,82.7726220307784,0.4578744513774828,0.86694621586851,1,0,1,0.010752688172043012,0.0,0.010752688172043012,5,0.03270493075251579,0.039998702704906464,0.8663116097450256,0.033165283501148224,0.003970161080360413,0.10000000149011612,0.13401965317676334,13.664300251259021,0.9631500113376197,14.627450262596641,0.09528386592864968,2.4000315639794647,3.6135777812072454,0.3406072426892946,0.9980006217956543,0.058050528168678284,False,False,False,-0.13702201669464378,False
pure,1,16,1,0.04984402754226018,93,-9.997737665260848,0.8900281938793375,82.7726220307784,0.4578744513774828,0.86694621586851,1,0,1,0.010752688172043012,0.0,0.010752688172043012,6,0.033101946115493774,0.04999883472919464,0.8663116097450256,0.033165283501148224,-0.02580086886882782,0.10000000149011612,0.1342126487707705,7.701016360473187,0.5426810762342241,8.24369743670741,-0.6192208528518678,2.40025165058672,6.071201067531767,0.3659039138040103,0.9977200031280518,0.06045764684677124,False,False,False,-0.13731089299078889,False
pure,1,16,1,0.04984402754226018,93,-9.997737665260848,0.8900281938793375,82.7726220307784,0.4578744513774828,0.86694621586851,1,0,1,0.010752688172043012,0.0,0.010752688172043012,7,0.030521858483552933,0.05999988317489624,0.8663116097450256,0.033165283501148224,-0.04259784519672394,0.10000000149011612,0.13416007665280505,4.346610172510708,0.3063574947015365,4.652967667212245,-1.0223482847213745,2.4001420522839925,5.179050960284328,0.38748329280519495,0.9975127577781677,0.06118650361895561,False,False,False,-0.13742092308882875,False
pure,1,16,1,0.04984402754226018,93,-9.997737665260848,0.8900281938793375,82.7726220307784,0.4578744513774828,0.86694621586851,1,0,1,0.010752688172043012,0.0,0.010752688172043012,8,0.0262620747089386,0.07000047713518143,0.8663116097450256,0.033165283501148224,-0.05205972492694855,0.10000000149011612,0.1339441952899331,2.45030838962921,0.17251228808946167,2.622820677718672,-1.2494333982467651,2.4000800945349248,3.4755404467131736,0.4019647113331665,0.9973381757736206,0.06096978485584259,False,False,False,-0.1373263830736512,False
pure,1,16,1,0.04984402754226018,93,-9.997737665260848,0.8900281938793375,82.7726220307784,0.4578744513774828,0.86694621586851,1,0,1,0.010752688172043012,0.0,0.010752688172043012,9,0.021056102588772774,0.08000081032514572,0.8663116097450256,0.033165283501148224,-0.05737121403217316,0.10000000149011612,0.1336270385807879,1.377440696730423,0.09676048467495747,1.4742011814053804,-1.3769091367721558,2.40004504079617,2.128840202079089,0.4108348788418294,0.9971708059310913,0.06022189185023308,False,False,False,-0.13708569592000316,False
pure,1,16,1,0.04984402754226018,93,-9.997737665260848,0.8900281938793375,82.7726220307784,0.4578744513774828,0.86694621586851,1,0,1,0.010752688172043012,0.0,0.010752688172043012,10,0.015318981371819973,0.09000099450349808,0.8663116097450256,0.033165283501148224,-0.06033743917942047,0.10000000149011612,0.13324752737484227,0.7712268977347517,0.05394921401346647,0.8251761117482181,-1.448098540306091,2.4000252340107844,1.2462920198418568,0.4160277622578371,0.9969955682754517,0.05917701870203018,False,False,False,-0.1367513175745989,False
pure,1,16,1,0.04984402754226018,93,-9.997737665260848,0.8900281938793375,82.7726220307784,0.4578744513774828,0.86694621586851,1,0,1,0.010752688172043012,0.0,0.010752688172043012,11,0.009285236708819866,0.10000110417604446,0.8663116097450256,0.033165283501148224,-0.06198425590991974,0.10000000149011612,0.13282822832689717,0.430048565060375,0.02972137668995505,0.45976994175033004,-1.4876221418380737,2.400199063679163,0.711086987951991,0.4189906247076371,0.9968037605285645,0.05796731263399124,False,False,False,-0.13635779544935658,False
pure,1,16,1,0.04984402754226018,93,-9.997737665260848,0.8900281938793375,82.7726220307784,0.4578744513774828,0.86694621586851,1,0,1,0.010752688172043012,0.0,0.010752688172043012,12,0.0030868113972246647,0.11000192910432816,0.8663116097450256,0.033165283501148224,-0.06289638578891754,0.10000000149011612,0.13238170247737932,0.24035418185120389,0.016511170824393975,0.25686535267559785,-1.509513258934021,2.4001112724832243,0.40244647156215524,0.42066748500581275,0.9965907335281372,0.05666568502783775,False,False,False,-0.13592576246921587,False
pure,1,16,1,0.04984402754226018,93,-9.997737665260848,0.8900281938793375,82.7726220307784,0.4578744513774828,0.86694621586851,1,0,1,0.010752688172043012,0.0,0.010752688172043012,13,-0.0032028271816670895,0.1200023964047432,0.8663116097450256,0.033165283501148224,-0.06340046226978302,0.10000000149011612,0.13191488248172642,0.13485632983141935,0.009033658514256408,0.14388998834567576,-1.5216110944747925,2.40006244772394,0.22688023219726805,0.4216128193066347,0.9963539838790894,0.05531299114227295,False,False,False,-0.13546701681676745,False
pure,1,16,1,0.04984402754226018,93,-9.997737665260848,0.8900281938793375,82.7726220307784,0.4578744513774828,0.86694621586851,1,0,1,0.010752688172043012,0.0,0.010752688172043012,14,-0.009542873129248619,0.13000264763832092,0.8663116097450256,0.033165283501148224,-0.0636855810880661,0.10000000149011612,0.13143119528948163,0.07824786133274182,0.005020060561111296,0.08326792189385313,-1.5284539461135866,2.4000362491351064,0.1316465797484986,0.4221613467222534,0.9960919618606567,0.05393119528889656,False,False,False,-0.1349879168724904,False
pure,1,16,1,0.04984402754226018,93,-9.997737665260848,0.8900281938793375,82.7726220307784,0.4578744513774828,0.86694621586851,1,0,1,0.010752688172043012,0.0,0.010752688172043012,15,-0.01591143198311329,0.1400028020143509,0.8663116097450256,0.033165283501148224,-0.06385798752307892,0.10000000149011612,0.1309326276099498,0.0491098873210625,0.0029533773070234,0.0520632646280859,-1.532591700553894,2.4000227639831344,0.08235357849088466,0.4225044866326321,0.9958040714263916,0.05253172665834427,False,False,False,-0.1344921301966722,False
pure,1,16,1,0.04984402754226018,93,-9.997737665260848,0.8900281938793375,82.7726220307784,0.4578744513774828,0.86694621586851,1,0,1,0.010752688172043012,0.0,0.010752688172043012,16,-0.02229722961783409,0.15000289678573608,0.8663116097450256,0.033165283501148224,-0.06397677958011627,0.10000000149011612,0.13042008793643262,0.03508975807887999,0.00180637139693534,0.03689612947581533,-1.5354427099227907,2.4002310620471294,0.058214021971688304,0.42274704505751415,0.9954898357391357,0.05112047865986824,False,False,False,-0.13398150986722257,False
pure,1,16,1,0.04984402754226018,93,-9.997737665260848,0.8900281938793375,82.7726220307784,0.4578744513774828,0.86694621586851,1,0,1,0.010752688172043012,0.0,0.010752688172043012,17,-0.028694909065961838,0.1600038707256317,0.8663116097450256,0.033165283501148224,-0.06407691538333893,0.10000000149011612,0.12989417567392672,0.030458465211938485,0.0016482053123763115,0.0321066705243148,-1.537845969200134,2.400200570232956,0.050796451284828716,0.4229586969378676,0.9951492547988892,0.04969894140958786,False,False,False,-0.13345721743544425,False
pure,1,16,1,0.04984402754226018,93,-9.997737665260848,0.8900281938793375,82.7726220307784,0.4578744513774828,0.86694621586851,1,0,1,0.010752688172043012,0.0,0.010752688172043012,18,-0.03510259836912155,0.1700046956539154,0.8663116097450256,0.033165283501148224,-0.06417171657085419,0.10000000149011612,0.12935524144749205,0.029073652341272935,0.001535304713177987,0.030608957054450922,-1.5401211977005005,2.400191452809823,0.048461973515397674,0.42316062182751507,0.9947822093963623,0.04826784133911133,False,False,False,-0.1329198185501532,False
pure,1,16,1,0.04984402754226018,93,-9.997737665260848,0.8900281938793375,82.7726220307784,0.4578744513774828,0.86694621586851,1,0,1,0.010752688172043012,0.0,0.010752688172043012,19,-0.04151977226138115,0.1800054907798767,0.8663116097450256,0.033165283501148224,-0.06427045166492462,0.10000000149011612,0.12880357235775722,0.03009043764153745,0.0015959337828017862,0.031686371424339235,-1.542490839958191,2.4001981471885467,0.05024478174092112,0.4233699750847689,0.9943886399269104,0.04682684689760208,False,False,False,-0.13236974984513056,False
pure,1,16,1,0.04984402754226018,93,-9.997737665260848,0.8900281938793375,82.7726220307784,0.4578744513774828,0.86694621586851,1,0,1,0.010752688172043012,0.0,0.010752688172043012,20,-0.04794681817293167,0.1900063157081604,0.8663116097450256,0.033165283501148224,-0.06437654793262482,0.10000000149011612,0.12823959502627194,0.03200195042252688,0.0017267621459379316,0.03372871256846481,-1.5450371503829954,2.400210732333598,0.053588795322386445,0.42359326173194556,0.9939686059951782,0.04537547379732132,False,False,False,-0.13180749449183285,False
pure,1,16,1,0.04984402754226018,93,-9.997737665260848,0.8900281938793375,82.7726220307784,0.4578744513774828,0.86694621586851,1,0,1,0.010752688172043012,0.0,0.010752688172043012,21,-0.054384469985961914,0.20000720024108887,0.8663116097450256,0.033165283501148224,-0.06449060142040253,0.10000000149011612,0.1276637563097193,0.03407222792737968,0.0018722272509665346,0.03594445517834621,-1.5477744340896606,2.4002243627644066,0.057229888758875316,0.4238317196017742,0.9935221672058105,0.04391295462846756,False,False,False,-0.1312335091817095,False
pure,1,16,1,0.04984402754226018,93,-9.997737665260848,0.8900281938793375,82.7726220307784,0.4578744513774828,0.86694621586851,1,0,1,0.010752688172043012,0.0,0.010752688172043012,22,-0.060833532363176346,0.21000812947750092,0.8663116097450256,0.033165283501148224,-0.06461088359355927,0.10000000149011612,0.12707634957937386,0.03569924891969727,0.001989190872681897,0.037688439792379166,-1.5506612062454224,2.400235074853487,0.06013196609506287,0.4240822694605036,0.993049144744873,0.04243887588381767,False,False,False,-0.13064805934635784,False
pure,1,16,1,0.04984402754226018,93,-9.997737665260848,0.8900281938793375,82.7726220307784,0.4578744513774828,0.86694621586851,1,0,1,0.010752688172043012,0.0,0.010752688172043012,23,-0.06729461997747421,0.22000911831855774,0.8663116097450256,0.033165283501148224,-0.06473506987094879,0.10000000149011612,0.1264780171905813,0.03672637195698254,0.002064516838341197,0.03879088879532374,-1.5536416769027712,2.400241837294492,0.06201496180298676,0.4243406651346827,0.9925496578216553,0.04095294699072838,False,False,False,-0.13005175001371477,False
pure,1,16,1,0.04984402754226018,93,-9.997737665260848,0.8900281938793375,82.7726220307784,0.4578744513774828,0.86694621586851,1,0,1,0.010752688172043012,0.0,0.010752688172043012,24,-0.07376812398433685,0.23001012206077576,0.8663116097450256,0.033165283501148224,-0.06486009061336517,0.10000000149011612,0.12586927761633054,0.036960745405070314,0.0020847544231498063,0.03904549982822012,-1.5566421747207642,2.400243380377997,0.06253857311052821,0.42460124252264325,0.9920236468315125,0.039455149322748184,False,False,False,-0.12944505003590243,False
pure,1,16,1,0.04984402754226018,93,-9.997737665260848,0.8900281938793375,82.7726220307784,0.4578744513774828,0.86694621586851,1,0,1,0.010752688172043012,0.0,0.010752688172043012,25,-0.08025413751602173,0.24001114070415497,0.8663116097450256,0.033165283501148224,-0.06498245894908905,0.10000000149011612,0.1252506967299171,0.03629364249155396,0.002041833680618789,0.03833547617217275,-1.559579014778137,2.40023898826144,0.06150369200745422,0.4248575079060076,0.9914710521697998,0.037945933640003204,False,False,False,-0.12882846828927474,False
pure,1,16,1,0.04984402754226018,93,-9.997737665260848,0.8900281938793375,82.7726220307784,0.4578744513774828,0.86694621586851,1,0,1,0.010752688172043012,0.0,0.010752688172043012,26,-0.08675238490104675,0.2500121295452118,0.8663116097450256,0.033165283501148224,-0.06509868800640106,0.10000000149011612,0.12462279608078865,0.034724115204260594,0.0019351861044613898,0.036659301308721984,-1.5623685121536253,2.400228654703239,0.058896753347643466,0.4251029110449561,0.9908917546272278,0.03642601892352104,False,False,False,-0.1282024686557856,False
pure,1,16,1,0.04984402754226018,93,-9.997737665260848,0.8900281938793375,82.7726220307784,0.4578744513774828,0.86694621586851,1,0,1,0.010752688172043012,0.0,0.010752688172043012,27,-0.09326224774122238,0.26001307368278503,0.8663116097450256,0.033165283501148224,-0.06520558893680573,0.10000000149011612,0.12398621603208738,0.03232847227061156,0.0017698414501304365,0.03409831372074199,-1.5649341344833376,2.4002128821098707,0.05483992601987317,0.4253314107367056,0.9902857542037964,0.03489642217755318,False,False,False,-0.12756763919550138,False
pure,1,16,1,0.04984402754226018,93,-9.997737665260848,0.8900281938793375,82.7726220307784,0.4578744513774828,0.86694621586851,1,0,1,0.010752688172043012,0.0,0.010752688172043012,28,-0.09978280961513519,0.2700139582157135,0.8663116097450256,0.033165283501148224,-0.06529991328716278,0.10000000149011612,0.12334145900436685,0.029091375749460073,0.0015451442251513527,0.030636519974611427,-1.5671979188919072,2.4001915694983778,0.04930058567512371,0.4255368298436853,0.9896529316902161,0.03335856273770332,False,False,False,-0.12692442846127794,False
pure,1,16,1,0.04984402754226018,93,-9.997737665260848,0.8900281938793375,82.7726220307784,0.4578744513774828,0.86694621586851,1,0,1,0.010752688172043012,0.0,0.010752688172043012,29,-0.10631280392408371,0.2800147831439972,0.8663116097450256,0.033165283501148224,-0.0653785914182663,0.10000000149011612,0.12268904404524596,0.025058399618966606,0.0012640303731924092,0.026322429992159016,-1.5690861940383913,2.400165016921749,0.042352670368880345,0.4257132993035556,0.988993227481842,0.0318140909075737,False,False,False,-0.1262733047622803,False
pure,1,16,1,0.04984402754226018,93,-9.997737665260848,0.8900281938793375,82.7726220307784,0.4578744513774828,0.86694621586851,1,0,1,0.010752688172043012,0.0,0.010752688172043012,30,-0.11285065859556198,0.29001545906066895,0.8663116097450256,0.033165283501148224,-0.06543906033039093,0.10000000149011612,0.12202943043906231,0.02035983475472171,0.0009353077553429696,0.021295142510064678,-1.5705374479293819,2.400134082197723,0.03422074693688708,0.425855885749126,0.9883065819740295,0.03026491403579712,False,False,False,-0.12561468424398442,False
pure,1,16,1,0.04984402754226018,93,-9.997737665260848,0.8900281938793375,82.7726220307784,0.4578744513774828,0.86694621586851,1,0,1,0.010752688172043012,0.0,0.010752688172043012,31,-0.11939456313848495,0.30001601576805115,0.8663116097450256,0.033165283501148224,-0.0654790848493576,0.10000000149011612,0.12136299901664428,0.015080420717369354,0.0005651739832626243,0.01564559470063198,-1.5714980363845832,2.4000993232402568,0.025055325239940952,0.4259602829376257,0.9875929355621338,0.028713203966617584,False,False,False,-0.12494891040980988,False
pure,1,16,1,0.04984402754226018,93,-9.997737665260848,0.8900281938793375,82.7726220307784,0.4578744513774828,0.86694621586851,1,0,1,0.010752688172043012,0.0,0.010752688172043012,32,-0.12594246864318848,0.3100164234638214,0.8663116097450256,0.033165283501148224,-0.06549639999866486,0.10000000149011612,0.12069003721192004,0.009212643411371098,0.00015352914907588918,0.009366172560446988,-1.5719135999679565,2.4000606905775483,0.01484995874554428,0.42602215776573216,0.98685222864151,0.027161307632923126,False,False,False,-0.12427623314275862,False
pure,1,16,1,0.04984402754226018,93,-9.997737665260848,0.8900281938793375,82.7726220307784,0.4578744513774828,0.86694621586851,1,0,1,0.010752688172043012,0.0,0.010752688172043012,33,-0.13249211013317108,0.32001668214797974,0.8663116097450256,0.033165283501148224,-0.06548942625522614,0.10000000149011612,0.12001078210314935,0.0027392106775618714,0.00028804116258552393,0.003027251840147395,-1.571726921906544,2.400000035762787,0.004996589967204271,0.4260429768905955,0.9860844612121582,0.025611788034439087,False,False,False,-0.12359686336955254,False
pure,1,16,1,0.04984402754226018,93,-9.997737665260848,0.8900281938793375,82.7726220307784,0.4578744513774828,0.86694621586851,1,0,1,0.010752688172043012,0.0,0.010752688172043012,34,-0.1390409767627716,0.3300166726112366,0.8663116097450256,0.033165283501148224,-0.06545735895633698,0.10000000149011612,0.11932519302199454,0.003144884863842504,0.0007464769301573884,0.0038913617939998926,-1.5709987826976395,2.400000035762787,0.006732154951894633,0.4260710275362284,0.985289454460144,0.024067066609859467,False,False,False,-0.12291074745784374,False
pure,1,16,1,0.04984402754226018,93,-9.997737665260848,0.8900281938793375,82.7726220307784,0.4578744513774828,0.86694621586851,1,0,1,0.010752688172043012,0.0,0.010752688172043012,35,-0.1455868035554886,0.3400166928768158,0.8663116097450256,0.033165283501148224,-0.0653989166021347,0.10000000149011612,0.11863338122050987,0.010605222484467413,0.0012239242767556955,0.01182914676122311,-1.569573998451233,2.3999302123932518,0.01958301430887799,0.42615262342918203,0.9844673275947571,0.022530019283294678,False,False,False,-0.12221797564904914,False
pure,1,16,1,0.04984402754226018,93,-9.997737665260848,0.8900281938793375,82.7726220307784,0.4578744513774828,0.86694621586851,1,0,1,0.010752688172043012,0.0,0.010752688172043012,36,-0.15212669968605042,0.35001638531684875,0.8663116097450256,0.033165283501148224,-0.06531356275081635,0.10000000149011612,0.1179351668506084,0.01735515760771129,0.001718536966454588,0.019073694574165877,-1.5675255060195923,2.3998857717212028,0.031328944625048705,0.42628316069845307,0.9836180210113525,0.021003343164920807,False,False,False,-0.12151836049548964,False
pure,1,16,1,0.04984402754226018,93,-9.997737665260848,0.8900281938793375,82.7726220307784,0.4578744513774828,0.86694621586851,1,0,1,0.010752688172043012,0.0,0.010752688172043012,37,-0.15865805745124817,0.3600159287452698,0.8663116097450256,0.033165283501148224,-0.06520159542560577,0.10000000149011612,0.11723036385227567,0.024249964925262338,0.0022047505602921656,0.026454715485554503,-1.5648382902145384,2.39984037722996,0.043238323067719554,0.4264633203779019,0.9827415943145752,0.019489750266075134,False,False,False,-0.12081172174860365,False
pure,1,16,1,0.04984402754226018,93,-9.997737665260848,0.8900281938793375,82.7726220307784,0.4578744513774828,0.86694621586851,1,0,1,0.010752688172043012,0.0,0.010752688172043012,38,-0.16517820954322815,0.3700152635574341,0.8663116097450256,0.033165283501148224,-0.0650629848241806,0.10000000149011612,0.11651860643591333,0.031156266251188613,0.002692394247517739,0.03384866049870635,-1.5615116357803343,2.3997949070637,0.05511206628170183,0.42669295398740903,0.981838047504425,0.017991915345191956,False,False,False,-0.12009769473637986,False
pure,1,16,1,0.04984402754226018,93,-9.997737665260848,0.8900281938793375,82.7726220307784,0.4578744513774828,0.86694621586851,1,0,1,0.010752688172043012,0.0,0.010752688172043012,39,-0.17168450355529785,0.3800143897533417,0.8663116097450256,0.033165283501148224,-0.06489787995815277,0.10000000149011612,0.11579939861206298,0.03802735941285075,0.003177768241391173,0.041205127654241926,-1.5575491189956663,2.3997496687032935,0.06685532843571156,0.42697151785589116,0.9809073805809021,0.016512557864189148,False,False,False,-0.11937578816322571,False
pure,1,16,1,0.04984402754226018,93,-9.997737665260848,0.8900281938793375,82.7726220307784,0.4578744513774828,0.86694621586851,1,0,1,0.010752688172043012,0.0,0.010752688172043012,40,-0.17817430198192596,0.39001336693763733,0.8663116097450256,0.033165283501148224,-0.06470723450183868,0.10000000149011612,0.11507226037733402,0.0446558374786349,0.0036469762995095354,0.04830281377814444,-1.5529736280441282,2.399706027688302,0.078101008951314,0.42729693872652164,0.9799497127532959,0.015054240822792053,False,False,False,-0.11864553946010914,False
pure,1,16,1,0.04984402754226018,93,-9.997737665260848,0.8900281938793375,82.7726220307784,0.4578744513774828,0.86694621586851,1,0,1,0.010752688172043012,0.0,0.010752688172043012,41,-0.18464502692222595,0.40001213550567627,0.8663116097450256,0.033165283501148224,-0.0644916445016861,0.10000000149011612,0.11433638393579339,0.05137080239108604,0.004343245551741613,0.05571404794282765,-1.5477994680404663,2.399976261183372,0.08993538683440504,0.4276716695049983,0.9789650440216064,0.013620063662528992,False,False,False,-0.11790615357158993,False
pure,1,16,1,0.04984402754226018,93,-9.997737665260848,0.8900281938793375,82.7726220307784,0.4578744513774828,0.86694621586851,1,0,1,0.010752688172043012,0.0,0.010752688172043012,42,-0.19109418988227844,0.41001203656196594,0.8663116097450256,0.033165283501148224,-0.06425632536411285,0.10000000149011612,0.11359116960429601,0.056292986651106595,0.004498122791343344,0.06079110944244994,-1.5421518087387085,2.3999739831800073,0.09760770885568107,0.428078368291897,0.9779534339904785,0.012211523950099945,False,False,False,-0.117157117986316,False
pure,1,16,1,0.04984402754226018,93,-9.997737665260848,0.8900281938793375,82.7726220307784,0.4578744513774828,0.86694621586851,1,0,1,0.010752688172043012,0.0,0.010752688172043012,43,-0.19751982390880585,0.4200119078159332,0.8663116097450256,0.033165283501148224,-0.0639970451593399,0.10000000149011612,0.1128359792870001,0.06251923590149017,0.004937404271555131,0.0674566401730453,-1.5359290838241586,2.3999711016510004,0.10787474028846276,0.42852784637643226,0.9769151210784912,0.010830901563167572,False,False,False,-0.11639772889432469,False
pure,1,16,1,0.04984402754226018,93,-9.997737665260848,0.8900281938793375,82.7726220307784,0.4578744513774828,0.86694621586851,1,0,1,0.010752688172043012,0.0,0.010752688172043012,44,-0.20391952991485596,0.4300118088722229,0.8663116097450256,0.033165283501148224,-0.0637163370847702,0.10000000149011612,0.11206986036494902,0.06809351085658635,0.005331297027383026,0.07342480788396938,-1.529192090034485,2.399968521857879,0.11692300323096294,0.4290150255565613,0.9758501052856445,0.009480379521846771,False,False,False,-0.11562707770959071,False
pure,1,16,1,0.04984402754226018,93,-9.997737665260848,0.8900281938793375,82.7726220307784,0.4578744513774828,0.86694621586851,1,0,1,0.010752688172043012,0.0,0.010752688172043012,45,-0.21029116213321686,0.4400116801261902,0.8663116097450256,0.033165283501148224,-0.06341518461704254,0.10000000149011612,0.111292046682549,0.07341561987863002,0.005707268306238557,0.07912288818486857,-1.5219644308090219,2.3999660587679963,0.1254332123443255,0.4295376639413293,0.9747586250305176,0.008161932229995728,False,False,False,-0.11484441727550077,False
pure,1,16,1,0.04984402754226018,93,-9.997737665260848,0.8900281938793375,82.7726220307784,0.4578744513774828,0.86694621586851,1,0,1,0.010752688172043012,0.0,0.010752688172043012,46,-0.216632679104805,0.4500115215778351,0.8663116097450256,0.033165283501148224,-0.06309573352336884,0.10000000149011612,0.11050160714462648,0.07818496783357319,0.006044322648463021,0.08422929048203621,-1.5142976045608518,2.3999638514977883,0.13290146536614775,0.4300914200470216,0.9736407995223999,0.006877392530441284,False,False,False,-0.11404885471835981,False
pure,1,16,1,0.04984402754226018,93,-9.997737665260848,0.8900281938793375,82.7726220307784,0.4578744513774828,0.86694621586851,1,0,1,0.010752688172043012,0.0,0.010752688172043012,47,-0.22294224798679352,0.46001139283180237,0.8663116097450256,0.033165283501148224,-0.06275929510593414,0.10000000149011612,0.10969760005648098,0.08261700403443244,0.006357509630912329,0.08897451366534477,-1.5062230825424192,2.3999618003365897,0.1396974187466239,0.43067349262513255,0.972496747970581,0.005628347396850586,False,False,False,-0.11323947203631363,False
pure,1,16,1,0.04984402754226018,93,-9.997737665260848,0.8900281938793375,82.7726220307784,0.4578744513774828,0.86694621586851,1,0,1,0.010752688172043012,0.0,0.010752688172043012,48,-0.22921818494796753,0.4700112044811249,0.8663116097450256,0.033165283501148224,-0.062407270073890686,0.10000000149011612,0.10887904561397367,0.08668851397149438,0.0066452711595546025,0.09333378513104898,-1.4977744817733762,2.399959916028154,0.14578822850342807,0.4312809435772302,0.9713265895843506,0.004416309297084808,False,False,False,-0.11241531490620904,False
pure,1,16,1,0.04984402754226018,93,-9.997737665260848,0.8900281938793375,82.7726220307784,0.4578744513774828,0.86694621586851,1,0,1,0.010752688172043012,0.0,0.010752688172043012,49,-0.23545891046524048,0.4800110459327698,0.8663116097450256,0.033165283501148224,-0.0620415061712265,0.10000000149011612,0.10804509017437726,0.09028369557661534,0.006899462498566468,0.0971831580751818,-1.488996148109437,2.399958252166065,0.15099049690961014,0.4319100706476869,0.9701305627822876,0.0032425597310066223,False,False,False,-0.1115755625423792,False
pure,1,16,1,0.04984402754226018,93,-9.997737665260848,0.8900281938793375,82.7726220307784,0.4578744513774828,0.86694621586851,1,0,1,0.010752688172043012,0.0,0.010752688172043012,50,-0.24166305363178253,0.4900108873844147,0.8663116097450256,0.033165283501148224,-0.06166352331638336,0.10000000149011612,0.10719474034750348,0.09348706795234968,0.0071259894127646516,0.10061305736511433,-1.4799245595932016,2.399956769634599,0.1554558743985498,0.43255780345768086,0.9689087867736816,0.0021083280444145203,False,False,False,-0.11071924770617371,False
pure,1,16,1,0.04984402754226018,93,-9.997737665260848,0.8900281938793375,82.7726220307784,0.4578744513774828,0.86694621586851,1,0,1,0.010752688172043012,0.0,0.010752688172043012,51,-0.247829407453537,0.5000106692314148,0.8663116097450256,0.033165283501148224,-0.061274453997612,0.10000000149011612,0.10632713262290602,0.09639867568210855,0.007331914328901537,0.1037305900110101,-1.4705868959426878,2.39995542213279,0.15935889679259824,0.43322179886098333,0.967661440372467,0.0010144859552383423,False,False,False,-0.10984552767426616,False
pure,1,16,1,0.04984402754226018,93,-9.997737665260848,0.8900281938793375,82.7726220307784,0.4578744513774828,0.86694621586851,1,0,1,0.010752688172043012,0.0,0.010752688172043012,52,-0.2539568543434143,0.5100105404853821,0.8663116097450256,0.033165283501148224,-0.06087593734264374,0.10000000149011612,0.10544128083841087,0.09888737935491226,0.00750805389152366,0.10639543324643592,-1.4610224962234497,2.3999542703523944,0.16249567182910726,0.4338988641602713,0.9663886427879333,-3.793835639953613e-05,False,False,False,-0.10895344422415973,False
pure,1,16,1,0.04984402754226018,93,-9.997737665260848,0.8900281938793375,82.7726220307784,0.4578744513774828,0.86694621586851,1,0,1,0.010752688172043012,0.0,0.010752688172043012,53,-0.2600444555282593,0.5200102925300598,0.8663116097450256,0.033165283501148224,-0.06046871840953827,0.10000000149011612,0.10453642768664013,0.1011841704218402,0.007670603870498714,0.10885477429233892,-1.4512492418289187,2.399953207389795,0.16525254097140368,0.4345874164143188,0.9650906324386597,-0.0010483413934707642,False,False,False,-0.1080422541300739,False
pure,1,16,1,0.04984402754226018,93,-9.997737665260848,0.8900281938793375,82.7726220307784,0.4578744513774828,0.86694621586851,1,0,1,0.010752688172043012,0.0,0.010752688172043012,54,-0.26609131693840027,0.5300101041793823,0.8663116097450256,0.033165283501148224,-0.06005491316318512,0.10000000149011612,0.10361162194031494,0.10293447518196762,0.007794717374908433,0.11072919255687605,-1.4413179159164429,2.399952397342889,0.16706825389574814,0.43528353413888443,0.9637674689292908,-0.0020160526037216187,False,False,False,-0.10711104103344696,False
pure,1,16,1,0.04984402754226018,93,-9.997737665260848,0.8900281938793375,82.7726220307784,0.4578744513774828,0.86694621586851,1,0,1,0.010752688172043012,0.0,0.010752688172043012,55,-0.27209681272506714,0.5400099158287048,0.8663116097450256,0.033165283501148224,-0.05963517725467682,0.10000000149011612,0.10266616617165046,0.10451560502622402,0.007906801179604994,0.11242240620582901,-1.4312442541122437,2.3999516655907014,0.16856329981933538,0.435985881221465,0.9624193906784058,-0.002940654754638672,False,False,False,-0.10615911912939982,False
pure,1,16,1,0.04984402754226018,93,-9.997737665260848,0.8900281938793375,82.7726220307784,0.4578744513774828,0.86694621586851,1,0,1,0.010752688172043012,0.0,0.010752688172043012,56,-0.27806031703948975,0.5500097274780273,0.8663116097450256,0.033165283501148224,-0.05921091139316559,0.10000000149011612,0.10169928043148828,0.10573491581344895,0.007993438189978677,0.11372835400342762,-1.4210618734359743,2.399951101289585,0.16943971834058433,0.43669188004788406,0.9610465168952942,-0.0038217902183532715,False,False,False,-0.10518573126755071,False
pure,1,16,1,0.04984402754226018,93,-9.997737665260848,0.8900281938793375,82.7726220307784,0.4578744513774828,0.86694621586851,1,0,1,0.010752688172043012,0.0,0.010752688172043012,57,-0.28398141264915466,0.5600095391273499,0.8663116097450256,0.033165283501148224,-0.058782801032066345,0.10000000149011612,0.10071026882561368,0.10677716445288964,0.008067552593223072,0.11484471704611271,-1.4107872247695923,2.399950618933423,0.17000158734664217,0.43740021999516177,0.9596490263938904,-0.004659146070480347,False,False,False,-0.10419019362362546,False
pure,1,16,1,0.04984402754226018,93,-9.997737665260848,0.8900281938793375,82.7726220307784,0.4578744513774828,0.86694621586851,1,0,1,0.010752688172043012,0.0,0.010752688172043012,58,-0.28985971212387085,0.5700092911720276,0.8663116097450256,0.033165283501148224,-0.05835177004337311,0.10000000149011612,0.09969849754648796,0.10758067166034352,0.008124869595625894,0.11570554125596941,-1.4004424810409546,2.3999502470675966,0.17015982552547815,0.4381092192681846,0.9582270383834839,-0.005452677607536316,False,False,False,-0.10317188736575238,False
pure,1,16,1,0.04984402754226018,93,-9.997737665260848,0.8900281938793375,82.7726220307784,0.4578744513774828,0.86694621586851,1,0,1,0.010752688172043012,0.0,0.010752688172043012,59,-0.29569488763809204,0.5800091028213501,0.8663116097450256,0.033165283501148224,-0.057919248938560486,0.10000000149011612,0.09866337866066487,0.10801427541319324,0.008156149014144751,0.11617042442733799,-1.3900619745254517,2.3999500463943275,0.16972088716269507,0.4388163896313625,0.956780731678009,-0.006202250719070435,False,False,False,-0.1021302471357444,False
pure,1,16,1,0.04984402754226018,93,-9.997737665260848,0.8900281938793375,82.7726220307784,0.4578744513774828,0.86694621586851,1,0,1,0.010752688172043012,0.0,0.010752688172043012,60,-0.3014867901802063,0.5900089144706726,0.8663116097450256,0.033165283501148224,-0.05748577415943146,0.10000000149011612,0.09760440141134756,0.10830900302220886,0.008177586469959459,0.11648658949216832,-1.3796585798263548,2.3999499099934023,0.1690552432045715,0.4395207864780482,0.9553102254867554,-0.006907999515533447,False,False,False,-0.10106477044694917,False
pure,1,16,1,0.04984402754226018,93,-9.997737665260848,0.8900281938793375,82.7726220307784,0.4578744513774828,0.86694621586851,1,0,1,0.010752688172043012,0.0,0.010752688172043012,61,-0.30723538994789124,0.6000086665153503,0.8663116097450256,0.033165283501148224,-0.057051464915275574,0.10000000149011612,0.09652103332021057,0.10857278466916576,0.00819684398879351,0.11676962865795927,-1.3692351579666138,2.3999497879143723,0.1683336879598325,0.4402221768445475,0.9538156390190125,-0.007569923996925354,False,False,False,-0.09997492727973283,False
pure,1,16,1,0.04984402754226018,93,-9.997737665260848,0.8900281938793375,82.7726220307784,0.4578744513774828,0.86694621586851,1,0,1,0.010752688172043012,0.0,0.010752688172043012,62,-0.3129405379295349,0.6100084781646729,0.8663116097450256,0.033165283501148224,-0.05661816895008087,0.10000000149011612,0.09541286091642179,0.10835858949966526,0.00818253358421606,0.11654112308388132,-1.3588360548019411,2.399949887044614,0.16687922881080627,0.44091750696459253,0.9522970914840698,-0.008188232779502869,False,False,False,-0.09886033187942304,False
pure,1,16,1,0.04984402754226018,93,-9.997737665260848,0.8900281938793375,82.7726220307784,0.4578744513774828,0.86694621586851,1,0,1,0.010752688172043012,0.0,0.010752688172043012,63,-0.3186023533344269,0.6200082898139954,0.8663116097450256,0.033165283501148224,-0.056185588240623474,0.10000000149011612,0.0942796019230558,0.10822102134540443,0.008173491190788605,0.11639451253619304,-1.3484541177749636,2.3999499507116173,0.16554705164349778,0.4416072863464404,0.9507547616958618,-0.008763223886489868,False,False,False,-0.09772069749874607,False
pure,1,16,1,0.04984402754226018,93,-9.997737665260848,0.8900281938793375,82.7726220307784,0.4578744513774828,0.86694621586851,1,0,1,0.010752688172043012,0.0,0.010752688172043012,64,-0.3242208957672119,0.6300080418586731,0.8663116097450256,0.033165283501148224,-0.055754587054252625,0.10000000149011612,0.09312088827605558,0.10785970344057079,0.008148784016443839,0.11600848745701463,-1.3381100893020632,2.3999501179307545,0.16388483256421288,0.44229013981545795,0.9491887092590332,-0.009295150637626648,False,False,False,-0.0965556688141377,False
pure,1,16,1,0.04984402754226018,93,-9.997737665260848,0.8900281938793375,82.7726220307784,0.4578744513774828,0.86694621586851,1,0,1,0.010752688172043012,0.0,0.010752688172043012,65,-0.32979637384414673,0.6400078535079956,0.8663116097450256,0.033165283501148224,-0.055325642228126526,0.10000000149011612,0.09193643513292707,0.10737463890781772,0.008115341543348578,0.11548998045116629,-1.3278154134750366,2.399950342420244,0.1620501172739334,0.4429653486374327,0.9475989937782288,-0.009784355759620667,False,False,False,-0.095364967465109,False
pure,1,16,1,0.04984402754226018,93,-9.997737665260848,0.8900281938793375,82.7726220307784,0.4578744513774828,0.86694621586851,1,0,1,0.010752688172043012,0.0,0.010752688172043012,66,-0.33532893657684326,0.6500076651573181,0.8663116097450256,0.033165283501148224,-0.05489929020404816,0.10000000149011612,0.09072617942937268,0.10675039752882468,0.008072110506587678,0.11482250803541236,-1.3175829648971558,2.3999506313212455,0.1600251719863588,0.44363212018737586,0.9459857940673828,-0.01023133099079132,False,False,False,-0.094148538210472,False
pure,1,16,1,0.04984402754226018,93,-9.997737665260848,0.8900281938793375,82.7726220307784,0.4578744513774828,0.86694621586851,1,0,1,0.010752688172043012,0.0,0.010752688172043012,67,-0.340818852186203,0.6600074172019958,0.8663116097450256,0.033165283501148224,-0.054475679993629456,0.10000000149011612,0.08949000513989748,0.10608712033419712,0.008026123484813704,0.11411324381901082,-1.307416319847107,2.3999509382881525,0.1579623350387084,0.4442902965833705,0.9443492293357849,-0.010636463761329651,False,False,False,-0.09290626636583628,False
pure,1,16,1,0.04984402754226018,93,-9.997737665260848,0.8900281938793375,82.7726220307784,0.4578744513774828,0.86694621586851,1,0,1,0.010752688172043012,0.0,0.010752688172043012,68,-0.34626641869544983,0.6700072288513184,0.8663116097450256,0.033165283501148224,-0.05405552685260773,0.10000000149011612,0.08822778531850177,0.10523838066242432,0.007967119389906182,0.1132055000523305,-1.2973326444625854,2.399951331087716,0.15564988546848324,0.4449388377728225,0.9426892995834351,-0.01100023090839386,False,False,False,-0.0916380345964511,False
pure,1,16,1,0.04984402754226018,93,-9.997737665260848,0.8900281938793375,82.7726220307784,0.4578744513774828,0.86694621586851,1,0,1,0.010752688172043012,0.0,0.010752688172043012,69,-0.35167196393013,0.6800070405006409,0.8663116097450256,0.033165283501148224,-0.05363883078098297,0.10000000149011612,0.08693963276409555,0.1043890416845404,0.007908042683449808,0.11229708436799021,-1.2873319387435913,2.3999517241646395,0.1533622680882579,0.44557784722319027,0.9410061836242676,-0.011323168873786926,False,False,False,-0.09034395547770907,False
pure,1,16,1,0.04984402754226018,93,-9.997737665260848,0.8900281938793375,82.7726220307784,0.4578744513774828,0.86694621586851,1,0,1,0.010752688172043012,0.0,0.010752688172043012,70,-0.3570358455181122,0.6900068521499634,0.8663116097450256,0.033165283501148224,-0.053225889801979065,0.10000000149011612,0.08562552393975136,0.10346209407186784,0.007843539690189996,0.11130563376205783,-1.2774213552474978,2.3999521531590995,0.15098880839388987,0.44620696725816483,0.9392998814582825,-0.01160573959350586,False,False,False,-0.08902400837840911,False
pure,1,16,1,0.04984402754226018,93,-9.997737665260848,0.8900281938793375,82.7726220307784,0.4578744513774828,0.86694621586851,1,0,1,0.010752688172043012,0.0,0.010752688172043012,71,-0.3623584508895874,0.7000066637992859,0.8663116097450256,0.033165283501148224,-0.05281685292720795,0.10000000149011612,0.08428570584845252,0.10249602216832622,0.00777628879095258,0.1102723109592788,-1.2676044702529907,2.3999526002604123,0.1485871403879425,0.4468260803431146,0.9375705122947693,-0.011848613619804382,False,False,False,-0.08767844186615653,False
pure,1,16,1,0.04984402754226018,93,-9.997737665260848,0.8900281938793375,82.7726220307784,0.4578744513774828,0.86694621586851,1,0,1,0.010752688172043012,0.0,0.010752688172043012,72,-0.3676401376724243,0.7100064158439636,0.8663116097450256,0.033165283501148224,-0.052411869168281555,0.10000000149011612,0.08292036105762719,0.10149082798202694,0.007706301375837707,0.10919712935786464,-1.2578848600387573,2.399953065467649,0.14615853756174882,0.44743507424962187,0.9358181357383728,-0.01205231249332428,False,False,False,-0.08630744007300138,False
pure,1,16,1,0.04984402754226018,93,-9.997737665260848,0.8900281938793375,82.7726220307784,0.4578744513774828,0.86694621586851,1,0,1,0.010752688172043012,0.0,0.010752688172043012,73,-0.37288132309913635,0.7200062274932861,0.8663116097450256,0.033165283501148224,-0.05201162397861481,0.10000000149011612,0.0815297949094437,0.10030775906538643,0.007623822655376942,0.10793158172076336,-1.2482789754867556,2.3999536129959065,0.14350888744612483,0.44803302794731403,0.9340428113937378,-0.012217462062835693,False,False,False,-0.08491131661125645,False
pure,1,16,1,0.04984402754226018,93,-9.997737665260848,0.8900281938793375,82.7726220307784,0.4578744513774828,0.86694621586851,1,0,1,0.010752688172043012,0.0,0.010752688172043012,74,-0.3780824840068817,0.7300060391426086,0.8663116097450256,0.033165283501148224,-0.051615819334983826,0.10000000149011612,0.08011435369302623,0.09920105762245274,0.00754667596888399,0.10674773359133673,-1.2387796640396116,2.399954125181041,0.1409999289568439,0.4486205276513009,0.9322445392608643,-0.012344717979431152,False,False,False,-0.0834904126291453,False
pure,1,16,1,0.04984402754226018,93,-9.997737665260848,0.8900281938793375,82.7726220307784,0.4578744513774828,0.86694621586851,1,0,1,0.010752688172043012,0.0,0.010752688172043012,75,-0.3832440674304962,0.7400058507919312,0.8663116097450256,0.033165283501148224,-0.05122457444667816,0.10000000149011612,0.07867454977472668,0.09806293985617641,0.007467367626140023,0.10553030748231643,-1.2293897867202759,2.399954651905755,0.13847892038679313,0.44919752315291256,0.9304234981536865,-0.012434631586074829,False,False,False,-0.08204524138708955,False
pure,1,16,1,0.04984402754226018,93,-9.997737665260848,0.8900281938793375,82.7726220307784,0.4578744513774828,0.86694621586851,1,0,1,0.010752688172043012,0.0,0.010752688172043012,76,-0.3883665204048157,0.7500056624412537,0.8663116097450256,0.033165283501148224,-0.05083809792995453,0.10000000149011612,0.07721090610467908,0.09687023666809072,0.007384232270584008,0.10425446893867472,-1.2201143503189087,2.3999552038927865,0.13591459254206756,0.44976383395517117,0.9285796880722046,-0.01248788833618164,False,False,False,-0.08057632762336252,False
pure,1,16,1,0.04984402754226018,93,-9.997737665260848,0.8900281938793375,82.7726220307784,0.4578744513774828,0.86694621586851,1,0,1,0.010752688172043012,0.0,0.010752688172043012,77,-0.3934503197669983,0.7600054740905762,0.8663116097450256,0.033165283501148224,-0.05045638978481293,0.10000000149011612,0.07572400103125389,0.09567687793317559,0.007301051514984387,0.10297792944815998,-1.2109533548355103,2.399955756183206,0.13338243692294346,0.4503195941090168,0.9267130494117737,-0.012505188584327698,False,False,False,-0.07908424856874759,False
pure,1,16,1,0.04984402754226018,93,-9.997737665260848,0.8900281938793375,82.7726220307784,0.4578744513774828,0.86694621586851,1,0,1,0.010752688172043012,0.0,0.010752688172043012,78,-0.39849597215652466,0.7700052857398987,0.8663116097450256,0.033165283501148224,-0.05007939040660858,0.10000000149011612,0.07421465061456749,0.0944983033605794,0.007218927156163821,0.10171723051674322,-1.201905369758606,2.3999563016314656,0.13090312796161196,0.45086502380885685,0.9248237609863281,-0.012487143278121948,False,False,False,-0.07756981849522182,False
pure,1,16,1,0.04984402754226018,93,-9.997737665260848,0.8900281938793375,82.7726220307784,0.4578744513774828,0.86694621586851,1,0,1,0.010752688172043012,0.0,0.010752688172043012,79,-0.4035038948059082,0.7800050973892212,0.8663116097450256,0.033165283501148224,-0.049707427620887756,0.10000000149011612,0.07268368816259647,0.09323432763798647,0.007130820896206192,0.10036514853419266,-1.192978262901306,2.3999568866036634,0.12834018894532367,0.451399774596129,0.9229118824005127,-0.012434378266334534,False,False,False,-0.07603387428704048,False
pure,1,16,1,0.04984402754226018,93,-9.997737665260848,0.8900281938793375,82.7726220307784,0.4578744513774828,0.86694621586851,1,0,1,0.010752688172043012,0.0,0.010752688172043012,80,-0.4084746539592743,0.7900049686431885,0.8663116097450256,0.033165283501148224,-0.049340203404426575,0.10000000149011612,0.07113191817062636,0.09204675116747624,0.007048071330139867,0.0990948224976161,-1.1841648817062378,2.399957436218032,0.1259136014074423,0.45192441460199334,0.9209772348403931,-0.012347579002380371,False,False,False,-0.07447721507507106,False
pure,1,16,1,0.04984402754226018,93,-9.997737665260848,0.8900281938793375,82.7726220307784,0.4578744513774828,0.86694621586851,1,0,1,0.010752688172043012,0.0,0.010752688172043012,81,-0.41340866684913635,0.800004780292511,0.8663116097450256,0.033165283501148224,-0.04897789657115936,0.10000000149011612,0.06956075192993627,0.09081234125027107,0.006962068712372718,0.09777440996264379,-1.175469517707825,2.3999580075070766,0.12345581152644794,0.4524388138166869,0.9190201759338379,-0.01222752034664154,False,False,False,-0.0729012537152146,False
pure,1,16,1,0.04984402754226018,93,-9.997737665260848,0.8900281938793375,82.7726220307784,0.4578744513774828,0.86694621586851,1,0,1,0.010752688172043012,0.0,0.010752688172043012,82,-0.41830646991729736,0.8100045919418335,0.8663116097450256,0.033165283501148224,-0.04862029850482941,0.10000000149011612,0.06797112566297715,0.08963124285547648,0.006879810574597692,0.09651105343007417,-1.1668871641159055,2.3999585541233692,0.12110080703106511,0.45294340051264964,0.9170404672622681,-0.012074723839759827,False,False,False,-0.07130692240660852,False
pure,1,16,1,0.04984402754226018,93,-9.997737665260848,0.8900281938793375,82.7726220307784,0.4578744513774828,0.86694621586851,1,0,1,0.010752688172043012,0.0,0.010752688172043012,83,-0.42316848039627075,0.820004403591156,0.8663116097450256,0.033165283501148224,-0.04826773703098297,0.10000000149011612,0.06636453909201626,0.08836477632683304,0.006791580976321538,0.09515635730315458,-1.1584256887435913,2.3999591402483214,0.11866354371794445,0.45343783194480775,0.9150382280349731,-0.011889904737472534,False,False,False,-0.06969572467131618,False
pure,1,16,1,0.04984402754226018,93,-9.997737665260848,0.8900281938793375,82.7726220307784,0.4578744513774828,0.86694621586851,1,0,1,0.010752688172043012,0.0,0.010752688172043012,84,-0.4279952645301819,0.8300042152404785,0.8663116097450256,0.033165283501148224,-0.04791994392871857,0.10000000149011612,0.06474255862358158,0.08716702085883826,0.006708163122330917,0.09387518398116917,-1.1500786542892456,2.399959694573564,0.11634825116595426,0.4539226163246659,0.9130134582519531,-0.011673733592033386,False,False,False,-0.0680692219984824,False
pure,1,16,1,0.04984402754226018,93,-9.997737665260848,0.8900281938793375,82.7726220307784,0.4578744513774828,0.86694621586851,1,0,1,0.010752688172043012,0.0,0.010752688172043012,85,-0.4327872693538666,0.8400040864944458,0.8663116097450256,0.033165283501148224,-0.04757709801197052,0.10000000149011612,0.06310701474561427,0.08592244519417204,0.006621486148192632,0.09254393134236467,-1.1418503522872927,2.39996027056735,0.11400187800212529,0.4543976241496748,0.9109662771224976,-0.011426836252212524,False,False,False,-0.06642924644067023,False
pure,1,16,1,0.04984402754226018,93,-9.997737665260848,0.8900281938793375,82.7726220307784,0.4578744513774828,0.86694621586851,1,0,1,0.010752688172043012,0.0,0.010752688172043012,86,-0.43754497170448303,0.8500038981437683,0.8663116097450256,0.033165283501148224,-0.04723908007144928,0.10000000149011612,0.06145992132250951,0.08470807350312484,0.006536924862310212,0.09124499836543505,-1.133737921714783,2.3999608325826367,0.11172511884097598,0.45486314547817885,0.9088965654373169,-0.011150002479553223,False,False,False,-0.06477780895654844,False
pure,1,16,1,0.04984402754226018,93,-9.997737665260848,0.8900281938793375,82.7726220307784,0.4578744513774828,0.86694621586851,1,0,1,0.010752688172043012,0.0,0.010752688172043012,87,-0.44226887822151184,0.8600037693977356,0.8663116097450256,0.033165283501148224,-0.04690574109554291,0.10000000149011612,0.05980355457058207,0.08353165740569161,0.006455048721491314,0.08998670612718293,-1.12573778629303,2.399961377031947,0.10952661071170966,0.4553195063561443,0.9068044424057007,-0.01084376871585846,False,False,False,-0.06311718308022277,False
pure,1,16,1,0.04984402754226018,93,-9.997737665260848,0.8900281938793375,82.7726220307784,0.4578744513774828,0.86694621586851,1,0,1,0.010752688172043012,0.0,0.010752688172043012,88,-0.4469594359397888,0.8700035810470581,0.8663116097450256,0.033165283501148224,-0.04657687246799469,0.10000000149011612,0.058140509590813315,0.08240863476039255,0.00637694496453285,0.0887855797249254,-1.1178449392318728,2.3999618967705887,0.10742450024859453,0.4557671084405135,0.9046899080276489,-0.010508805513381958,False,False,False,-0.061449960559913315,False
pure,1,16,1,0.04984402754226018,93,-9.997737665260848,0.8900281938793375,82.7726220307784,0.4578744513774828,0.86694621586851,1,0,1,0.010752688172043012,0.0,0.010752688172043012,89,-0.45161715149879456,0.8800034523010254,0.8663116097450256,0.033165283501148224,-0.0462527722120285,0.10000000149011612,0.05647368969644311,0.0812080029344103,0.0062934098044546485,0.08750141273886494,-1.110066533088684,2.3999624524270193,0.10525023350488376,0.4562056510801172,0.9025529026985168,-0.010145768523216248,False,False,False,-0.05977904716755155,False
pure,1,16,1,0.04984402754226018,93,-9.997737665260848,0.8900281938793375,82.7726220307784,0.4578744513774828,0.86694621586851,1,0,1,0.010752688172043012,0.0,0.010752688172043012,90,-0.4562424123287201,0.8900032639503479,0.8663116097450256,0.033165283501148224,-0.04593344032764435,0.10000000149011612,0.05480665501545729,0.08000676843800808,0.0062098113569314245,0.0862165797949395,-1.1024025678634646,2.3999630083623678,0.10310298451806164,0.4566352468489424,0.9003936052322388,-0.009755432605743408,False,False,False,-0.058108002137053624,False
pure,1,16,1,0.04984402754226018,93,-9.997737665260848,0.8900281938793375,82.7726220307784,0.4578744513774828,0.86694621586851,1,0,1,0.010752688172043012,0.0,0.010752688172043012,91,-0.4608357548713684,0.9000031352043152,0.8663116097450256,0.033165283501148224,-0.04561851918697357,0.10000000149011612,0.053142966415752176,0.07889745667175077,0.0061326777849959,0.08503013445674668,-1.0948444604873657,2.3999635217555686,0.10109864635827918,0.45705649120876857,0.8982118368148804,-0.00933825969696045,False,False,False,-0.05644038141893268,False
pure,1,16,1,0.04984402754226018,93,-9.997737665260848,0.8900281938793375,82.7726220307784,0.4578744513774828,0.86694621586851,1,0,1,0.010752688172043012,0.0,0.010752688172043012,92,-0.46539759635925293,0.9100029468536377,0.8663116097450256,0.033165283501148224,-0.045307859778404236,0.10000000149011612,0.05148709829259917,0.07782618504523398,0.0060582522281456,0.08388443727337958,-1.0873886346817003,2.399964017543666,0.09916689645557551,0.4574696866106668,0.8960077166557312,-0.008894950151443481,False,False,False,-0.05478065605569884,False
pure,1,16,1,0.04984402754226018,93,-9.997737665260848,0.8900281938793375,82.7726220307784,0.4578744513774828,0.86694621586851,1,0,1,0.010752688172043012,0.0,0.010752688172043012,93,-0.4699283838272095,0.920002818107605,0.8663116097450256,0.033165283501148224,-0.04500181972980499,0.10000000149011612,0.04984402754226018,0.07666191990943862,0.005977305956471996,0.08263922586591062,-1.0800436735153212,2.3999645563694685,0.0971435440358363,0.4578744513774828,0.8937812447547913,-0.00842614471912384,False,False,False,-0.05313380696692754,True
