#{"t_start": 1791220035.235165, "env_id": null}
r,l,t,is_success,final_distance,tau_sum_total,episode_energy,episode_mean_tau_sum
-103.087074,200,1.423153,0.0,0.4296386633108572,3341.057618856663,20.471151858418686,16.705288094283315
-86.978844,200,1.558668,0.0,0.4270404675429837,3246.7422982473513,19.55391776380606,16.233711491236757
-121.930586,200,1.701236,0.0,0.5764108187479029,3530.4401854375615,20.422913209174137,17.652200927187806
-119.714246,200,1.85314,0.0,0.5880288987520448,3315.563575612509,18.84875064844603,16.577817878062543
-47.254649,200,2.009175,0.0,0.2724509790846617,3491.8096587475297,20.320428121910194,17.45904829373765
-61.01648,200,2.15895,0.0,0.26656494713098083,3601.894205280245,20.28380509577597,18.009471026401226
-137.025061,200,2.294147,0.0,0.6389728797077256,3388.614031073532,18.83273091385562,16.94307015536766
-191.495512,200,2.429762,0.0,0.9222716327251809,3420.576698478946,19.707370039090407,17.10288349239473
-191.098439,200,2.554338,0.0,0.952846302301833,3667.6746368120903,20.613579642541364,18.33837318406045
-75.942103,200,2.693685,0.0,0.31229470231041434,3521.987673253338,20.16473148455808,17.60993836626669
-66.756958,200,3.327892,0.0,0.3519888046416608,3517.280146686701,20.68077348367952,17.586400733433504
-86.886139,200,3.478424,0.0,0.3476134902442043,3631.389937695668,20.188205812287695,18.15694968847834
-107.789565,200,3.64323,0.0,0.37606167533481205,3101.865772213126,18.989937380989357,15.509328861065631
-128.548764,200,3.772746,0.0,0.6130313181181013,3475.0091554579535,19.67908499961989,17.375045777289767
-159.017917,200,3.907202,0.0,0.7155573110578288,3413.010429138446,20.325982896831565,17.06505214569223
-113.597054,200,4.035309,0.0,0.5996544500938231,3514.8385142060165,19.94546803317787,17.574192571030082
-48.198137,200,4.158837,0.0,0.201717379081778,3226.3463211984135,18.832184267192087,16.13173160599207
-172.186087,200,4.281365,0.0,0.8333595791779357,3432.629046636481,19.32860552656221,17.163145233182405
-173.185439,200,4.417564,0.0,0.8564750233197118,3478.5947834700232,20.046826944445616,17.392973917350115
-43.134447,200,4.539015,0.0,0.18105746886467516,3400.151015561914,19.969657992867084,17.00075507780957
-166.634569,200,4.987589,0.0,0.7282389955057273,3261.3696612270082,19.910625560119524,16.30684830613504
-115.227266,200,5.133962,0.0,0.5639117053008557,3680.3909291219084,21.158085320590644,18.401954645609543
-159.785367,200,5.260448,0.0,0.7841285098733056,3227.5546040126746,19.134317572542628,16.137773020063374
-149.632017,200,5.371971,0.0,0.8893626631588127,3347.443325446565,20.23895370326268,16.737216627232826
-107.60028,200,5.488476,0.0,0.6729576535125482,3292.2412676484596,19.45502884193882,16.4612063382423
-161.840094,200,5.601998,0.0,0.7996907234607168,3214.65083789847,18.968737894422258,16.07325418949235
-83.811976,200,5.720014,0.0,0.5353689609841977,3355.737948071195,19.133829048821532,16.778689740355976
-198.074839,200,5.841536,0.0,1.0374029359589347,3355.034744899698,20.04104961550706,16.77517372449849
-50.323872,200,5.954057,0.0,0.25326350630717637,3370.49496085376,19.566020620900623,16.852474804268798
-138.23206,200,6.068215,0.0,0.7036831409428685,3123.934477432379,18.862890412477526,15.619672387161895
-59.189359,200,6.54529,0.0,0.356782268128047,3276.664019242542,19.623117324486923,16.38332009621271
-146.186145,200,6.700353,0.0,0.838641282776661,3407.8569598617514,19.670739101348495,17.039284799308756
-142.652195,200,6.823741,0.0,0.9546245802943855,3379.503773379533,19.294870315388042,16.897518866897666
-122.585667,200,6.956265,0.0,0.5844282732404817,3680.4611190694295,20.536279567267723,18.402305595347148
-109.167037,200,7.072784,0.0,0.4718753792875711,3110.397541187758,18.527092976187394,15.55198770593879
-82.171175,200,7.186335,0.0,0.5260340075106276,3531.5923144186827,20.970742201280387,17.657961572093413
-140.007153,200,7.302762,0.0,0.6889652276617245,3208.3830257019563,18.250645534084693,16.041915128509782
-173.387213,200,7.413795,0.0,0.8316126086867219,3395.7330730881677,19.689741048363608,16.97866536544084
-96.410267,200,7.530313,0.0,0.455087258216653,3116.7471898116596,17.832462634109035,15.583735949058298
-204.40419,200,7.651834,0.0,0.9747674240936745,3419.0827893052465,19.245309093974022,17.095413946526232
-44.044012,200,8.059114,0.0,0.1720453818739459,3484.9963218231474,20.62589122724654,17.424981609115736
-114.163283,200,8.202319,0.0,0.5088225743343641,3481.6172155236673,19.616740028980747,17.408086077618336
-139.773605,200,8.3359,0.0,0.6590553176458729,3433.9371547732885,20.675350681615765,17.169685773866444
-136.686523,200,8.448428,0.0,0.6981546505043267,3284.790648194385,18.71198750250912,16.423953240971926
-64.056149,200,8.565895,0.0,0.2666203118189991,3379.8677544448537,19.880113918684987,16.89933877222427
-40.757689,200,8.685678,0.0,0.23063854987487195,3362.623717220799,19.503672318897678,16.813118586103993
-90.736174,200,8.805187,0.0,0.3510075195369008,3332.883587361466,19.460291806079468,16.664417936807332
-140.529626,200,8.938327,0.0,0.6810084114930273,3297.970423268646,19.041559856095468,16.48985211634323
-109.542887,200,9.059475,0.0,0.6512237328481858,3299.620629483158,19.725730419231756,16.49810314741579
-110.516466,200,9.177178,0.0,0.5184305548683927,3235.773002049852,19.372308167276323,16.17886501024926
-82.305864,200,9.295702,0.0,0.31580735215429756,3181.513920454728,19.145703591290392,15.907569602273641
-97.675909,200,9.771364,0.0,0.43715823076151783,3249.491246162003,19.467887281926746,16.247456230810016
-137.770327,200,9.916389,0.0,0.657830882021822,3182.4709537921426,19.186475543341146,15.912354768960713
-183.300844,200,10.030892,0.0,0.9007113602446194,3607.4451361688393,20.283069725722445,18.037225680844198
-119.298883,200,10.149426,0.0,0.5784511566884334,3346.8805690046556,19.130194309723734,16.73440284502328
-174.207566,200,10.277515,0.0,0.8639936451052241,3062.102167581013,18.188205304833964,15.310510837905065
-109.921164,200,10.399081,0.0,0.5309112454249265,3147.6170708818854,19.200953117299132,15.738085354409428
-132.09587,200,10.509568,0.0,0.6332417691471577,3428.7367238906395,20.36796339294498,17.1436836194532
-187.713322,200,10.624301,0.0,0.927900306443483,3352.481536000931,19.09679627221871,16.762407680004657
-141.263675,200,10.740819,0.0,0.6832602536343612,3440.734914129073,20.143976791242174,17.203674570645365
-118.561,200,10.877911,0.0,0.5201866630208459,3273.6422547968336,20.066498183671435,16.36821127398417
-137.058001,200,11.418521,0.0,0.5741911100249092,3284.797669466249,18.742203138109232,16.423988347331246
-94.052704,200,11.558037,0.0,0.3179240855200194,3395.642217595087,19.87702167912746,16.978211087975435
-160.797352,200,11.693559,0.0,0.7928721429009024,3446.496976623986,19.989522521434992,17.23248488311993
-76.669393,200,11.828602,0.0,0.3506391563837897,3496.237463897272,20.145177435597446,17.48118731948636
-74.553075,200,11.956117,0.0,0.39281822972070657,3370.9336348304646,19.708952018573743,16.854668174152323
-85.630477,200,12.072632,0.0,0.38942967409391427,3361.8692138078795,19.672792897732332,16.809346069039396
-80.96428,200,12.188174,0.0,0.41586114665875723,3234.1993702822124,19.0896825606152,16.17099685141106
-148.178441,200,12.306592,0.0,0.7065049448186275,3203.668743670233,18.334083383245016,16.018343718351165
-41.877142,200,12.421518,0.0,0.21237589784992564,3504.540783379534,20.036633369195975,17.52270391689767
-135.093529,200,12.534057,0.0,0.6466110738389798,3330.3060209696037,19.22981875903367,16.651530104848018
-176.318338,200,12.970917,0.0,0.8473569165679999,3517.746500331422,20.068531742445632,17.58873250165711
-103.148871,200,13.119898,0.0,0.34332796479974076,3294.018111266138,18.851423037417803,16.47009055633069
-72.681786,200,13.236441,0.0,0.3156241891943216,3487.7492996623437,20.71114517501017,17.43874649831172
-99.851723,200,13.354972,0.0,0.42626380721653534,3215.577080324905,19.132672538105002,16.077885401624528
-57.570296,200,13.473979,0.0,0.22915957470210938,3268.136882277865,19.272396339813543,16.340684411389326
-109.900049,200,13.587352,0.0,0.5491455493740472,3291.8910581966766,19.260280564381073,16.45945529098338
-124.217505,200,13.703878,0.0,0.5943296408294082,3291.8944915467364,19.45228961781141,16.459472457733682
-130.603296,200,13.816931,0.0,0.5446070670982357,3548.3044899889783,20.382333695523272,17.741522449944892
-146.71213,200,13.933495,0.0,0.6151810301374608,3691.2558619901674,20.544479778991924,18.456279309950837
-48.198212,200,14.045029,0.0,0.19002244511969438,3598.1674208791783,20.981858693092313,17.99083710439589
-85.164242,200,14.477885,0.0,0.3295109808812175,3341.791439097031,19.04984872329963,16.708957195485155
-95.301624,200,14.617939,0.0,0.4462498293712905,3473.412807472023,20.42685256695631,17.367064037360116
-22.044102,171,14.727449,1.0,0.04622699904718804,2789.6276846107057,16.776665791028677,16.313612190705882
-198.501628,200,14.841528,0.0,0.9010686471887379,3148.4319670746995,19.30584248297613,15.742159835373498
-110.534228,200,14.957047,0.0,0.541619707995185,3319.155703453658,19.0969845903585,16.59577851726829
-173.903323,200,15.089562,0.0,0.8539923285958563,3344.4597233678674,19.456489664399164,16.722298616839335
-111.41337,200,15.206099,0.0,0.5387661317378266,3522.117260345406,20.47006708955538,17.61058630172703
-108.768492,200,15.324083,0.0,0.48641053222448705,3326.327952501566,19.042380879851592,16.63163976250783
-112.764894,200,15.4676,0.0,0.5655498438538819,3363.5372546387216,19.435593377397762,16.81768627319361
-65.747459,200,15.63338,0.0,0.2832680550078446,3315.2695685209005,19.07788136385782,16.576347842604502
-69.105201,200,15.863598,0.0,0.370200747828384,3310.042690205649,18.889491922403884,16.550213451028245
-36.670319,200,16.31949,0.0,0.10696369592848283,3343.9573007307317,20.219858392836638,16.71978650365366
-91.935814,200,16.458003,0.0,0.4376837808425402,3300.9642086363806,19.718742761407043,16.504821043181902
-73.178856,200,16.577561,0.0,0.26321545813437414,3425.577434234191,18.945392950286,17.127887171170954
-112.208086,200,16.688079,0.0,0.5332032276821649,3367.0381167631244,19.389492336482267,16.83519058381562
-153.111444,200,16.808223,0.0,0.5875145775001742,3353.014443148132,20.216740737579354,16.76507221574066
-100.750669,200,16.944253,0.0,0.479450003784043,3394.215386403461,19.11431858419679,16.971076932017304
-123.549159,200,17.073446,0.0,0.535290930017675,3229.4494724435276,18.712727800307206,16.147247362217637
-43.167219,200,17.201962,0.0,0.16720529662088643,3446.8900839486173,19.91521552258316,17.234450419743087
-171.492912,200,17.339567,0.0,0.8154936249773204,3419.513703283414,20.278305840869397,17.09756851641707
-69.156866,200,17.481062,0.0,0.28209914636827743,3329.85217891559,19.282387742569167,16.64926089457795
-110.976903,200,17.998049,0.0,0.5173116102544647,3231.165001108548,19.31247133722853,16.15582500554274
-114.691505,200,18.143553,0.0,0.518378553567439,3209.9679953564746,19.1531496373765,16.049839976782373
-121.104987,200,18.262067,0.0,0.6849595051675869,3223.8172885288513,18.569820816765844,16.119086442644257
-73.873705,200,18.385588,0.0,0.3452877561471941,3447.5919788602023,20.187517628014856,17.23795989430101
-114.123669,200,18.505061,0.0,0.3768117236234805,3685.1605408301575,21.131873001695844,18.425802704150787
-109.342557,200,18.618125,0.0,0.5637581271388219,3430.6103365454646,19.96024110740181,17.153051682727323
-130.624009,200,18.729645,0.0,0.5826697830724639,3480.9765847849,20.29697476141181,17.4048829239245
-90.842132,200,18.843711,0.0,0.5573204234047956,3379.7474896436665,19.8534491280631,16.898737448218334
-174.882652,200,18.960207,0.0,0.842330308434774,3428.1222734153516,19.290956664857905,17.140611367076758
-135.046108,200,19.072721,0.0,0.5426780255020369,3241.6887386542717,18.70093362121285,16.20844369327136
-157.082019,200,19.593925,0.0,0.7289731203924674,3585.2845692110413,21.249206577310822,17.926422846055207
-166.4831,200,19.758766,0.0,0.7219320314376684,3221.0968380756653,19.441610353862714,16.105484190378327
-58.900193,200,19.88228,0.0,0.1499354464053918,3371.1394287609337,19.721856413485327,16.85569714380467
-126.878231,200,20.008806,0.0,0.5988272683991722,3263.5234882552368,19.29993762505466,16.317617441276184
-140.758984,200,20.125866,0.0,0.5876844146235073,3059.0586940084713,18.381097890451024,15.295293470042356
-141.632269,200,20.257622,0.0,0.7210135687463625,3388.3705922379163,18.80048297699011,16.941852961189582
-159.681138,200,20.385284,0.0,0.6992864875896123,3161.5582823911254,19.246757782558916,15.807791411955627
-166.323933,200,20.516047,0.0,0.739406865392357,3244.3715007198593,19.83834641933778,16.221857503599296
-162.831208,200,20.639563,0.0,0.7858032062124908,3130.4697719213364,18.685884431968425,15.652348859606683
-52.860705,200,20.767441,0.0,0.39846623069424003,3475.495620067701,20.453309560417104,17.377478100338507
-72.639403,200,20.902555,0.0,0.3099446808888504,3319.263056743142,19.792846435354495,16.59631528371571
-149.23832,200,21.363657,0.0,0.7247447406247266,3641.6118035356535,20.902209231224305,18.208059017678266
-170.260159,200,21.490755,0.0,0.6611977979292609,3440.895758899025,19.916807324745452,17.204478794495127
-102.601617,200,21.609281,0.0,0.3234985154215709,3269.3963809752195,19.4014959900968,16.3469819048761
-127.814861,200,21.722259,0.0,0.47376539039929083,3238.6526367471893,18.72491138450062,16.193263183735947
-74.087502,200,21.836793,0.0,0.3654932779743408,3520.12362592677,18.90063994221236,17.600618129633848
-161.364071,200,21.970258,0.0,0.7289069646983101,3360.4808250544693,19.67223698915686,16.802404125272346
-124.002119,200,22.095798,0.0,0.45948657002728804,3341.084082298781,19.552350368363154,16.705420411493904
-178.271571,200,22.22983,0.0,0.8409777528631792,3464.286880994658,19.71139443840132,17.32143440497329
-125.452372,200,22.399539,0.0,0.5833927838515397,3217.097220042219,19.021517496612947,16.085486100211096
-154.411258,200,22.538282,0.0,0.7615486912595059,3145.0148488473847,19.52346081839434,15.725074244236923
-116.786402,200,23.006769,0.0,0.44186357315804453,3314.2107807489656,19.135756850501302,16.57105390374483
-118.155449,200,23.147795,0.0,0.4362603077028986,3344.753704083385,19.736796600982487,16.723768520416925
-167.27989,200,23.283321,0.0,0.755900812224704,3449.504888209167,19.898152837667944,17.247524441045833
-79.857853,200,23.41327,0.0,0.4388884795267029,3341.841653294245,19.16067722829247,16.709208266471226
-146.257594,200,23.554444,0.0,0.6855129183665296,3431.506108482883,19.894645574564116,17.157530542414417
-117.44075,200,23.733784,0.0,0.48382016553924767,3176.8635339694147,18.780455544173638,15.884317669847073
-58.899969,200,23.856302,0.0,0.3292859785437568,3156.206090022718,18.45404124202764,15.78103045011359
-67.05479,200,23.976811,0.0,0.26724139301857824,3284.1955227888934,18.936679547522818,16.420977613944466
-52.963035,200,24.103339,0.0,0.2140138507650162,3300.4856072457683,18.464950360038223,16.502428036228842
-167.32084,200,24.233369,0.0,0.8071513182628053,3187.7895249207,18.788038395815022,15.9389476246035
-24.338019,107,24.588459,1.0,0.04069126536041742,1774.891435077206,10.125791914480335,16.5877704212823
-44.315536,200,24.742642,0.0,0.24101349993453466,3419.1015055076455,19.29548567145474,17.095507527538228
-73.89448,200,24.87224,0.0,0.20088625913928684,3237.8740597443334,19.16700118350649,16.189370298721666
-150.747632,200,25.007374,0.0,0.7302411278301166,3226.056520933245,19.72028047487379,16.130282604666224
-32.363094,112,25.081882,1.0,0.049733711486637106,2034.2453369429838,11.148812101457088,18.162904794133784
-149.019217,200,25.216933,0.0,0.6482251714044366,3029.9812165598278,17.820874372657105,15.14990608279914
-72.639374,200,25.343342,0.0,0.21131929532520483,3154.1990110870374,17.965225097594967,15.770995055435186
-89.900894,200,25.462897,0.0,0.2589480566845927,3249.502607519357,18.47836117869799,16.247513037596786
-47.066771,200,25.58739,0.0,0.18556504892128287,3454.4750683696093,19.726037694422953,17.272375341848047
-131.880092,200,25.712926,0.0,0.6663485616808726,3296.6443888048157,19.120439699108537,16.483221944024077
-93.507033,200,25.834953,0.0,0.5051190264396663,3459.002735373923,19.287690478288937,17.295013676869615
-64.095559,200,26.291801,0.0,0.34483445834473436,3147.5541933038203,17.973168104935947,15.7377709665191
-128.619148,200,26.449638,0.0,0.5932595806499249,3377.397848689186,19.41226039483871,16.88698924344593
-45.290841,198,26.571154,1.0,0.048590549569168105,3287.133116427238,19.067212615615862,16.601682406198172
-155.659361,200,26.707166,0.0,0.7573300791320556,3516.6254471270945,20.280605016978367,17.583127235635473
-76.732394,200,26.860891,0.0,0.2424439225158907,3337.0046955201706,19.621794510439404,16.685023477600854
-39.428055,200,26.992621,0.0,0.1279086771901274,3271.681155086666,18.459869542593477,16.35840577543333
-77.617703,200,27.115018,0.0,0.25382129967247824,3436.4947922720316,20.248960288314986,17.18247396136016
-70.783332,200,27.238852,0.0,0.19714214757123893,3201.4472866161236,18.200217390035068,16.007236433080617
-56.917806,200,27.36237,0.0,0.4256052605319083,3418.7998629258745,19.09366583998927,17.09399931462937
-149.962086,200,27.491886,0.0,0.6343138709134549,3364.0051743315476,19.403343216348066,16.820025871657737
-113.967266,200,27.971843,0.0,0.45468203956259096,3372.0306032620583,19.886258661941152,16.860153016310292
-83.843459,200,28.124868,0.0,0.4383711006804759,3204.346575874714,18.620617420944203,16.02173287937357
-80.186995,200,28.258391,0.0,0.21529849428143302,3117.8880639356507,18.718254509602435,15.589440319678253
-102.175475,200,28.381894,0.0,0.3657700222082091,2954.8511565465787,17.206086106849718,14.774255782732894
-103.131681,200,28.508491,0.0,0.40731363604148574,3300.9309351757356,18.995367403224947,16.50465467587868
-75.056767,200,28.633488,0.0,0.5622424095173221,3245.1344720795755,18.119038520202892,16.225672360397876
-78.242304,200,28.762668,0.0,0.3342958094080537,3109.739168028442,18.03797402695745,15.548695840142209
-95.63772,200,28.89107,0.0,0.591505759177593,3305.3242681218026,18.56548532241101,16.52662134060901
-131.039177,200,29.014594,0.0,0.5124147185672243,3197.1572277638297,18.14348737853396,15.98578613881915
-149.446541,200,29.134374,0.0,0.524061291710679,3443.6680274080077,19.456904450151317,17.218340137040038
-67.60085,200,29.255798,0.0,0.35026977942525445,3101.1580959808466,16.937943719524956,15.505790479904233
-84.240871,200,29.681489,0.0,0.35871857286178405,3287.0594967608354,19.094814629289758,16.435297483804177
-76.18724,200,29.812009,0.0,0.2610051776994577,3216.5885725498424,18.03347891354523,16.082942862749213
-117.944806,200,29.92405,0.0,0.46377174302944935,3243.950296733417,19.02730705911813,16.219751483667086
-71.555116,200,30.036605,0.0,0.11409645738795512,3208.4357434044146,18.222791622584392,16.04217871702207
-178.885118,200,30.15866,0.0,0.7843551739399524,3194.867120892992,18.53089427865263,15.97433560446496
-53.231704,200,30.281177,0.0,0.2641183095723096,3255.186331240241,19.087489335379885,16.275931656201205
-85.77619,200,30.401942,0.0,0.3468420052067511,3401.2636068751312,19.698249628055837,17.006318034375656
-66.045929,200,30.515493,0.0,0.3988504547498746,3285.1620497542117,18.423620563927003,16.425810248771057
-129.785758,200,30.631467,0.0,0.6039238254859699,3322.335963275566,18.848589413646028,16.61167981637783
-55.44898,200,30.743989,1.0,0.04687594508865194,3359.1891608204705,19.48258038121765,16.795945804102352
-120.973919,200,31.144995,0.0,0.5203725144182035,3352.0746081846087,19.849405992455182,16.760373040923042
-130.94171,200,31.269503,0.0,0.5875751847784677,3518.401428622451,19.786016775979654,17.592007143112255
-45.992609,200,31.391212,0.0,0.09105808205663958,3260.752989247095,18.84723092177589,16.303764946235475
-171.635063,200,31.512205,0.0,0.8557761422352277,3497.9409284758176,20.37752754563998,17.48970464237909
-122.590137,200,31.671179,0.0,0.47241426991119395,3454.4172033609893,19.679213009150526,17.27208601680495
-110.239195,200,31.791696,0.0,0.4986107166492827,3681.592292423386,21.088239890879468,18.40796146211693
-60.260522,200,31.90522,0.0,0.3338564689062095,3363.9888069706694,19.4873688953981,16.819944034853346
-104.727115,200,32.019186,0.0,0.3242939214096896,3351.3729272421224,18.947258232857912,16.75686463621061
-31.152372,200,32.13072,1.0,0.045064198648775367,3495.761363357691,19.3034218715843,17.478806816788456
-30.665746,116,32.205728,1.0,0.04876086009268872,1816.4686239333562,10.46229474622509,15.659212275287553
-77.243673,200,32.330721,0.0,0.26440369424094484,3311.8405385230717,19.710964670469437,16.559202692615358
-49.218301,200,32.748542,0.0,0.26703796043824196,2810.5554821286787,17.027372050881695,14.052777410643394
-138.816238,200,32.889094,0.0,0.6098875818266803,3310.022164082519,18.514195804378467,16.550110820412595
-153.046577,200,33.00662,0.0,0.4641525702243439,3118.256930565864,17.467143118696125,15.59128465282932
-43.309763,200,33.124665,0.0,0.23637351833845252,3240.409075960091,18.34098307783333,16.202045379800452
-142.531139,200,33.252244,0.0,0.5596162344077029,3317.9941423718114,18.59595397537905,16.589970711859056
-91.593938,200,33.389177,0.0,0.41901005898722815,3002.661066467018,17.90274285257555,15.01330533233509
-164.328334,200,33.5068,0.0,0.6359745642905996,3360.0248077415267,19.12149504871758,16.800124038707633
-87.623496,200,33.620973,0.0,0.32405495597242084,3234.530114619013,18.207930665888252,16.172650573095066
-37.397389,200,33.752755,0.0,0.15461850003613284,3149.2210145452595,18.085445130717567,15.746105072726298
-98.27126,200,33.879373,0.0,0.405801120675804,3261.3116358559664,19.507249022009365,16.306558179279833
-161.629029,200,34.413029,0.0,0.7272803879779081,3431.662241175856,20.014792507025966,17.15831120587928
-170.78218,200,34.585062,0.0,0.7420518995688494,3321.419720922764,18.98222403191951,16.60709860461382
-136.100413,200,34.713899,0.0,0.5590507870134231,3310.940201054139,19.103547662322622,16.554701005270694
-28.23362,108,34.788205,1.0,0.04482590468089913,1711.2259551814327,9.93983453534795,15.844684770198452
-153.639038,200,34.910264,0.0,0.620860893768711,3285.5729438485396,19.014899505577144,16.4278647192427
-58.978602,200,35.03726,0.0,0.155291591597758,3168.1692583622885,18.37843829244622,15.840846291811442
-70.506705,200,35.157516,0.0,0.14949594554458945,3195.657351184644,17.622543680991395,15.97828675592322
-31.708119,200,35.28605,0.0,0.1422104797138239,3043.9226959912253,18.184071754555113,15.219613479956127
-90.388578,200,35.418623,0.0,0.2889977966066196,2836.790125041833,17.332813189265007,14.183950625209166
-135.818489,200,35.552668,0.0,0.588103767871984,3000.426587511506,17.529863082556435,15.00213293755753
-158.593269,200,36.025522,0.0,0.7372034803705768,3377.1547211211146,20.256557853776982,16.88577360560557
-81.575704,200,36.185636,0.0,0.3476690800904995,3307.844803043821,18.887381081901953,16.539224015219105
-141.419944,200,36.325224,0.0,0.4156106128804291,3045.589907033434,18.276408912186785,15.22794953516717
-73.879155,200,36.485749,0.0,0.13721409556750916,3069.846018444837,17.4752680030172,15.349230092224184
-90.892099,200,36.609292,0.0,0.329224113724953,3267.7400481108984,19.323113772763435,16.33870024055449
-56.160924,200,36.732821,0.0,0.15880119797878084,3106.1344952490435,18.527292973194697,15.530672476245218
-100.702626,200,36.861331,0.0,0.17628672141242027,3603.0069971447956,20.17584065731532,18.01503498572398
-38.106091,200,36.985112,0.0,0.06975363362404295,3128.5465721833866,18.93992578301612,15.642732860916933
-41.335938,200,37.099674,0.0,0.2054691901308155,3152.1738842648065,18.214223888942083,15.760869421324033
-99.825023,200,37.211473,0.0,0.20013419987996395,3237.1034590846175,18.70336457828194,16.185517295423086
-60.320198,200,37.333547,0.0,0.3171646195402171,3057.986298758374,17.781833222524078,15.289931493791869
-30.447875,200,37.774607,0.0,0.20916770951719568,2957.2023681711416,16.985885255296537,14.786011840855709
-46.076771,200,37.905124,0.0,0.236425552548021,3480.499762733653,19.910297510881545,17.402498813668263
-66.684808,200,38.034424,0.0,0.23747268325504634,3199.627595313042,18.434829982039837,15.99813797656521
-53.291237,200,38.170833,0.0,0.25580345211525923,2894.512781304321,17.550869925865623,14.472563906521605
-53.621946,200,38.315411,0.0,0.34411020512349694,3314.877793748353,18.75322332930031,16.574388968741765
-136.324623,200,38.446682,0.0,0.5164669660520282,3081.3091400501708,17.37818408654732,15.406545700250854
-88.63697,200,38.573174,0.0,0.32651823499772265,3379.1907172701854,19.456129897701476,16.895953586350927
-48.521441,200,38.692693,0.0,0.13403010864378506,2836.4288920174736,16.713175063128496,14.182144460087368
-134.853323,200,38.808542,0.0,0.35881213688812014,3335.056343996908,19.211271057351034,16.67528171998454
-129.663035,200,38.931143,0.0,0.589934905737737,3381.348677133794,18.96079685143914,16.90674338566897
-127.900739,200,39.376872,0.0,0.5110139513528709,3411.666107818646,19.44185712874543,17.05833053909323
-82.300564,200,39.524399,0.0,0.2635124182866534,2964.6288626940227,17.38316548123938,14.823144313470113
-114.458111,200,39.650635,0.0,0.25878953478740274,3410.688845707278,19.24560595879633,17.05344422853639
-54.36634,200,39.765176,0.0,0.18354921019770187,2971.384749541283,17.15264691103396,14.856923747706414
-84.55926,200,39.883716,0.0,0.15444042421493717,3245.730396556503,18.668048655270695,16.228651982782516
-171.11591,200,39.996923,0.0,0.7426350145531098,3293.5582733159263,18.364259677079463,16.467791366579632
-70.513602,200,40.112805,0.0,0.26431908240788005,3310.4739971400036,19.2273191047438,16.552369985700018
-108.795616,200,40.223286,0.0,0.4795485820134692,3379.2537820873663,19.839872814697152,16.89626891043683
-35.947586,164,40.311822,1.0,0.048683428554515844,2450.9292636697555,14.466813325721182,14.944690632132655
-81.044413,200,40.439328,0.0,0.38739194169337005,3160.404454809847,19.189660466233395,15.802022274049234
-170.24042,200,40.927343,0.0,0.6763102371898854,3228.541783674675,18.682435730958108,16.142708918373376
-27.5119,149,41.031153,1.0,0.04674679820106012,1930.4337047260512,11.470079435384164,12.955930904201686
-75.275452,200,41.165677,0.0,0.05944456447701465,3232.8910890725197,18.424731893263544,16.1644554453626
-52.302181,200,41.28622,0.0,0.194748791153046,3245.0607433066402,18.517282029657256,16.2253037165332
-158.82016,200,41.410741,0.0,0.665919560059204,3003.6212542485105,17.746803831032697,15.018106271242551
-16.463552,83,41.45916,1.0,0.04558616857889101,1487.5644228974625,8.420061604245504,17.92246292647545
-38.338382,200,41.575986,0.0,0.10927489937852915,3087.6909850173433,17.768750309427805,15.438454925086717
-81.914162,200,41.70248,0.0,0.07905675992948771,3507.2859936849823,19.639188316445,17.536429968424912
-111.691043,200,41.825798,0.0,0.2986587807197234,2912.9812270121793,16.215232227854063,14.564906135060896
-89.743395,200,41.953751,0.0,0.3527516610961576,3192.710542207465,18.807382874092145,15.963552711037325
-88.776419,200,42.079273,0.0,0.4338915916367222,3309.782816725363,19.795961356398983,16.548914083626816
-150.517472,200,42.520217,0.0,0.6054821911359433,3458.3829074105342,20.19095314494577,17.291914537052673
-43.12317,200,42.673239,0.0,0.11306237979103008,3192.276648850188,18.20058673576398,15.96138324425094
-85.626705,200,42.794066,0.0,0.2489567231988473,2918.998082729841,16.985716540257854,14.594990413649205
-152.629253,200,42.910411,0.0,0.7081315080517429,3476.847037044494,19.84408453219473,17.38423518522247
-26.925063,162,43.003463,1.0,0.049681065988119597,2546.432724705725,14.5103825174152,15.718720522874845
-61.453053,200,43.121985,0.0,0.2679999394077203,3131.012540935393,18.49358600450338,15.655062704676967
-156.545179,200,43.242845,0.0,0.728781534513378,3113.3189379383275,18.55652515103476,15.566594689691637
-126.36729,200,43.366955,0.0,0.47996328178855585,2680.6126951499746,16.165567514874382,13.403063475749873
-56.347121,200,43.493988,0.0,0.3615332012515357,2857.0935783604564,16.35161950234032,14.285467891802282
-124.174206,200,43.616232,0.0,0.44636639186687643,2992.835964999222,17.58349540064557,14.96417982499611
-142.586102,200,43.738033,0.0,0.6625188158821061,3343.571781106529,19.06489475314342,16.717858905532648
-148.211104,200,44.211873,0.0,0.6912171421349509,3252.100382155706,19.56995456951886,16.26050191077853
-91.174104,200,44.350144,0.0,0.2601087301471462,3011.982349864793,17.564013854406333,15.059911749323964
-65.522474,200,44.467665,0.0,0.1738996692031505,2473.8600583846137,15.558566815042736,12.369300291923068
-112.239727,200,44.582198,0.0,0.4483024830043334,3272.5432254743223,18.630100511004883,16.362716127371613
-37.352673,200,44.705686,0.0,0.2924371258481956,3213.4272156143084,18.3749557088454,16.06713607807154
-52.766205,200,44.828471,0.0,0.1573809391542231,3249.0678603992155,19.22960829647751,16.24533930199608
-72.512598,200,44.954095,0.0,0.2174947819278131,2963.116540667025,17.920549214406925,14.815582703335126
-24.844451,111,45.01971,1.0,0.048323562497307945,1639.181336500945,9.55850353027964,14.767399427936441
-64.886368,200,45.137203,0.0,0.0778453000381927,2346.717152804055,14.518136437891627,11.733585764020274
-76.493,200,45.267712,0.0,0.23675324380708854,3016.336216975774,16.89524595869715,15.08168108487887
-83.618587,200,45.385237,0.0,0.23611793548704987,2852.207731153452,17.589608426027905,14.26103865576726
-56.280444,200,45.848781,0.0,0.06874414016256361,2668.6325610910194,15.996054242231432,13.343162805455098
-59.131753,200,46.021396,0.0,0.18018654697805309,2946.8648909054787,17.2552201499584,14.734324454527393
-103.782347,200,46.238731,0.0,0.4313852408766024,3425.4278737106506,20.575118461735432,17.12713936855325
-75.363242,200,46.437629,0.0,0.3485920494392983,3234.0661732887165,17.96764008801938,16.17033086644358
-58.104141,200,46.571964,0.0,0.09482712532965926,3216.4003181041367,18.472241375693223,16.082001590520683
-66.932623,200,46.712586,0.0,0.2785893594265249,2681.485449638217,16.211830600783426,13.407427248191084
-88.823325,200,46.833594,0.0,0.2820698196168619,3371.4979958063695,19.385610363727174,16.857489979031847
-57.315077,200,46.948145,0.0,0.20771035187449277,2713.424533666963,16.63274636304345,13.567122668334815
-141.575576,200,47.073658,0.0,0.5387765194838493,3014.7072697122585,17.641527053842132,15.073536348561293
-41.263364,200,47.201082,0.0,0.26342836341959536,2325.837026170743,14.248318512675755,11.629185130853713
-177.062995,200,47.758449,0.0,0.832430823894799,3360.822033595845,19.139204484040473,16.804110167979225
-169.679209,200,47.891968,0.0,0.7261793658399951,3477.7231622319614,20.1749088253645,17.388615811159806
-25.251524,148,47.975553,1.0,0.04581076111826158,1968.6725677921074,11.933858610368766,13.301841674270996
-132.26702,200,48.11505,0.0,0.5421242208558108,3200.6816773778646,18.91839984819702,16.003408386889323
-148.24416,200,48.2587,0.0,0.6444647639930575,3305.831818114384,19.298707600370836,16.52915909057192
-88.337982,200,48.378232,0.0,0.31153924146014883,2882.134390477632,17.027151726187682,14.410671952388162
-12.266958,69,48.415218,1.0,0.04964822965727772,922.9585197292282,5.812299532083716,13.37621043085838
-65.036501,200,48.534259,0.0,0.2646279076457791,2466.432519333398,15.769733119523035,12.33216259666699
-22.966438,158,48.635772,1.0,0.04868781995630033,2258.132302295449,13.15547167095457,14.291976596806638
-34.189662,200,48.754504,0.0,0.12306750510866186,2806.2158047332873,16.621586035243745,14.031079023666436
-138.167488,200,48.886002,0.0,0.44618388348613064,3094.486244809052,18.34972452847559,15.47243122404526
-116.516469,200,49.323743,0.0,0.5170408937591491,2983.1930410756504,17.7925674901661,14.915965205378251
-124.752094,200,49.464426,0.0,0.518611476439435,3033.1107145695296,17.528311892627304,15.165553572847648
-120.792095,200,49.58168,0.0,0.4424685658558464,3201.6335663807085,18.146324703909364,16.008167831903542
-112.094904,200,49.716207,0.0,0.38693339992955167,3151.4259067064295,18.249181536878297,15.757129533532147
-66.261852,200,49.861307,0.0,0.2039175780125565,3139.240091278324,17.44474252109454,15.69620045639162
-62.516029,200,49.978824,0.0,0.06834746595820572,2784.8726441142144,16.762521984862154,13.924363220571072
-93.817186,200,50.10332,0.0,0.299722654198653,2469.802082593681,15.852723385405856,12.349010412968404
-83.324555,200,50.243331,0.0,0.12601770643673363,3230.783389808095,18.025663069464862,16.153916949040475
-46.453614,200,50.377847,0.0,0.3170986135527933,2514.5386088186337,14.837750816824931,12.57269304409317
-177.639892,200,50.495367,0.0,0.8068572213955731,3215.3402986284254,19.064344986948534,16.076701493142128
-93.128773,200,50.912446,0.0,0.30910647080842896,3224.3477824379056,17.851366764455648,16.121738912189528
-166.189327,200,51.04695,0.0,0.7709561456288625,3637.6616665578995,20.480930034724494,18.188308332789497
-172.693236,200,51.194463,0.0,0.800969678975924,3159.5954293603672,18.191957555187294,15.797977146801836
-75.203124,200,51.356264,0.0,0.12775081786396084,3292.485872756954,18.39633150738263,16.46242936378477
-44.114784,200,51.544902,0.0,0.11782045612431231,2927.424829529072,16.97234405033013,14.63712414764536
-61.477473,200,51.709699,0.0,0.09122701289857796,2938.9101856601656,16.931562683514436,14.694550928300828
-63.947563,200,51.879617,0.0,0.20617278696911465,3079.2008582038093,17.783423973502124,15.396004291019047
-97.421639,200,52.007131,0.0,0.29373490268866576,3123.9194974449783,17.86720928825212,15.619597487224892
-54.298164,200,52.13165,0.0,0.3054595679559385,3021.502994634123,17.114261758683902,15.107514973170614
-140.8261,200,52.281544,0.0,0.5152524266342929,3262.6902489858435,19.55667442239027,16.31345124492922
-25.484461,134,52.372092,1.0,0.047155344335816265,1683.31885992433,10.064272669298724,12.562081044211418
-62.922703,200,52.9877,0.0,0.09587096080291428,3434.340917670975,19.059606112596512,17.171704588354874
-78.277565,200,53.117207,0.0,0.0716178801972657,3308.0414892984313,18.779272710644175,16.540207446492158
-144.134242,200,53.239232,0.0,0.6582323692471967,3219.976223542468,18.88339623110003,16.09988111771234
-174.239326,200,53.36476,0.0,0.7936703332258761,3352.324518143582,19.283833213898156,16.76162259071791
-102.829395,200,53.491625,0.0,0.3935075254935548,2545.7997225584854,16.40049256669399,12.728998612792427
-140.552123,200,53.610353,0.0,0.4306595095463179,3091.607246124072,17.873218918229476,15.45803623062036
-147.8625,200,53.74203,0.0,0.49428660027858634,3179.670305790516,18.107350898342112,15.898351528952581
-95.482768,200,53.872858,0.0,0.29699005090265707,2908.2877803637575,16.523678573045995,14.541438901818788
-143.367969,200,53.994846,0.0,0.5638164322461585,3088.923726048101,18.16143043631422,15.444618630240505
-128.262032,200,54.116951,0.0,0.4826459428217846,2978.429515033816,17.481229774461287,14.892147575169082
-113.446137,200,54.588072,0.0,0.4244297754253916,3125.8545665099386,17.838195198928457,15.629272832549693
-168.739507,200,54.721124,0.0,0.7861956815988249,3212.261066399989,17.96885458346857,16.061305331999947
-101.833889,200,54.84718,0.0,0.48664466936251205,2893.497766662891,16.88047415983773,14.467488833314455
-142.795896,200,54.96648,0.0,0.5700561961535854,2835.2602669613393,17.251991414367456,14.176301334806697
-168.652582,200,55.093581,0.0,0.8201155183546519,2982.012901129312,17.696375869363294,14.91006450564656
-84.645843,200,55.208069,0.0,0.5397983724719098,2718.9104483572874,16.536282029288135,13.594552241786436
-55.607696,200,55.341867,0.0,0.10704912733436854,2935.5789524166203,17.441407231680262,14.6778947620831
-97.809818,200,55.479206,0.0,0.453226856249046,2918.5774837691524,17.070092296676155,14.592887418845763
-13.615684,71,55.527217,1.0,0.04780492994889223,671.6949312070069,4.637051937839918,9.460491988831084
-141.644701,200,55.643916,0.0,0.6100697056432242,3240.21869009858,19.523498919315873,16.2010934504929
-144.693656,200,55.754993,0.0,0.5599069910635607,3270.0177026258248,18.246632456431115,16.350088513129123
-120.660529,200,56.167179,0.0,0.4426006685024282,3346.5584897230347,19.083944436338964,16.73279244861517
-66.982518,200,56.304088,0.0,0.3003827080906387,2919.912929446297,16.924239937964142,14.599564647231484
-84.359614,200,56.421632,0.0,0.3101452917787896,2424.130421799512,15.282092091475414,12.120652108997561
-92.664783,200,56.538672,0.0,0.2752569356643466,2975.353968446438,16.947398468590038,14.876769842232191
-118.301005,200,56.660195,0.0,0.48002016513583406,2938.2620231337355,17.085384243721514,14.691310115668678
-148.741356,200,56.778715,0.0,0.6444304534219979,2851.878063476154,17.30998852784188,14.259390317380769
-114.24083,200,56.910967,0.0,0.543132887941549,2344.4096093906473,15.297100533628099,11.722048046953237
-109.418158,200,57.041052,0.0,0.3595282052214957,3236.835553416316,18.436358307019784,16.18417776708158
-74.532172,200,57.161499,0.0,0.29166649009381995,3051.607574195224,17.540455910371488,15.25803787097612
-115.536522,200,57.277024,0.0,0.4865993872944261,3016.2249696496806,17.284921471375114,15.081124848248402
-105.065608,200,57.687923,0.0,0.4629372208083257,2900.3331217019772,16.470527067054277,14.501665608509887
-77.026795,200,57.819249,0.0,0.30509950377117223,2099.5898411773833,13.57775082604711,10.497949205886917
-129.892644,200,57.947304,0.0,0.5277433466626438,3278.4078784650837,18.76949068956212,16.39203939232542
-101.733687,200,58.067826,0.0,0.42702107771913844,2984.738618471762,17.166203033159135,14.92369309235881
-59.788757,200,58.186631,0.0,0.5102118649919747,1855.3204902297223,11.881750019186086,9.276602451148612
-49.249089,200,58.31016,0.0,0.19146319027950065,2978.4106409936994,17.610162718233784,14.892053204968498
-139.165983,200,58.563742,0.0,0.6345078237421815,2622.585033507943,16.78975724481377,13.112925167539716
-52.841894,200,58.712262,0.0,0.41710327352652415,1580.9390360661932,10.657938643500735,7.904695180330966
-149.943512,200,58.855296,0.0,0.5345188606885859,3401.4910932327343,19.1987354336472,17.007455466163673
-165.912065,200,59.000814,0.0,0.6554708006520331,3174.976721560332,18.650050261292318,15.87488360780166
-127.956635,200,59.138859,0.0,0.5318331471558404,3244.822533911441,18.61918950879405,16.224112669557204
-87.900968,200,59.687504,0.0,0.6729913133964689,2157.045428753132,14.045313387705542,10.78522714376566
-82.246005,200,59.812044,0.0,0.6413339885530016,2532.062429432735,15.941674173359218,12.660312147163674
-147.618719,200,59.934579,0.0,0.5556195347626418,2723.5500787344436,16.761549943742093,13.617750393672218
-109.155138,200,60.051658,0.0,0.6056896657371592,2423.93418827043,15.065407204945089,12.11967094135215
-132.871186,200,60.166767,0.0,0.6522917517602486,2384.995856571453,15.291242422626185,11.924979282857263
-53.816543,200,60.28042,0.0,0.18433957618315933,3085.4452955705287,17.5121212105722,15.427226477852644
-149.222584,200,60.404936,0.0,0.5379029683057833,2380.373138095068,14.759963382119961,11.90186569047534
-103.928296,200,60.532127,0.0,0.4173337140258938,2157.148490981289,14.727326617124309,10.785742454906444
-88.572231,200,60.663431,0.0,0.2920467604574762,2929.177813816552,16.709486902984402,14.64588906908276
-109.06145,200,60.794192,0.0,0.8552814007969258,2223.0060580918484,14.59746909894528,11.115030290459242
-71.670897,200,61.272693,0.0,0.45336350820967247,1877.130575598892,12.241189018785722,9.38565287799446
-47.258022,200,61.410166,0.0,0.15325297357834577,2866.2233608230304,16.65215735731801,14.331116804115151
-82.996786,200,61.532687,0.0,0.30533593177379986,3182.262694020657,18.88988629383213,15.911313470103284
-110.399507,200,61.649732,0.0,0.5716023123797518,2596.151186946359,15.830029126091155,12.980755934731794
-145.709807,200,61.773139,0.0,0.6860259183430083,2823.597423388613,16.42107502938874,14.117987116943066
-69.433147,200,61.893374,0.0,0.5300218794565934,2161.0617086504167,13.277143516176665,10.805308543252083
-125.229271,200,62.028901,0.0,0.4541157790387265,3309.9932756739313,18.58233818704003,16.549966378369657
-91.095258,200,62.21593,0.0,0.3911233948124661,1979.7403983394547,12.468647240156132,9.898701991697273
-175.564341,200,62.333479,0.0,0.8911640873403867,2708.8326472805247,16.963293931495812,13.544163236402623
-64.779155,200,62.454535,0.0,0.3328259716221687,3001.35452554905,16.831911783781475,15.00677262774525
-125.659574,200,62.933146,0.0,0.40445783192458185,3295.3669768367113,19.11890569536829,16.476834884183557
-109.100332,200,63.073786,0.0,0.4532235337264848,1692.2225290752608,11.805352053335481,8.461112645376303
-56.401326,200,63.197304,0.0,0.2936730651714439,2949.3352843716534,16.886383057419344,14.746676421858266
-75.279721,200,63.322782,0.0,0.44499172762351696,2367.816825361415,14.263080629811899,11.839084126807075
-166.551126,200,63.442884,0.0,0.7405643047931303,3177.204675370965,18.78251861777012,15.886023376854826
-138.806029,200,63.563698,0.0,0.5294409085758273,3048.5180451763836,17.470694307473604,15.242590225881917
-130.193288,200,63.686221,0.0,0.4966857641506779,1642.5426162578476,11.397858254111194,8.212713081289237
-166.456548,200,63.799738,0.0,0.737359165920279,2813.2943516115547,17.59495396195809,14.066471758057773
-159.209844,200,63.915286,0.0,0.6633133326691271,2878.3958759122233,16.580703562024723,14.391979379561116
-66.886083,200,64.038812,0.0,0.48217252186293735,1945.556673771363,12.439594733441773,9.727783368856814
-69.813687,200,64.456882,0.0,0.5519960591644562,2214.699305345182,13.830338355794657,11.07349652672591
-150.212801,200,64.623355,0.0,0.7066042693015038,3271.7078271394366,19.511829084671355,16.358539135697182
-114.305941,200,64.75245,0.0,0.49991753547337603,2631.7386693170893,16.20666260410967,13.158693346585446
-155.892068,200,64.870972,0.0,0.6939134682197451,2889.1215960801587,18.25712321586166,14.445607980400794
-52.575557,193,64.987007,1.0,0.04661326206538794,3301.806136899009,18.83744907788454,17.10780381812958
-120.343396,200,65.113971,0.0,0.3561006917227764,3098.245770978217,18.082838304743063,15.491228854891085
-79.162115,200,65.237249,0.0,0.6635539806165144,1627.8628741730213,11.165465500584267,8.139314370865106
-147.118798,200,65.354855,0.0,0.5063377737849822,2273.343762517634,13.68998950747078,11.36671881258817
-27.172764,141,65.434864,1.0,0.04210290570935974,2443.9286164842792,14.14037135651167,17.332827067264393
-40.553079,119,65.513391,1.0,0.04859940462769882,1760.2885382769323,10.466649999267904,14.792340657789348
-123.781826,200,65.62997,0.0,0.35750860259109274,1783.9062240486687,11.963726650292854,8.919531120243343
-123.898732,200,66.106093,0.0,0.48356686075476035,2691.498585896507,15.602655959362872,13.457492929482534
-55.912043,200,66.255073,0.0,0.5139183516041852,1828.4730630717688,11.633646867701707,9.142365315358845
-71.721349,200,66.371595,0.0,0.31380265628819687,3274.3710994144662,18.66222323034374,16.371855497072332
-11.835559,108,66.4306,1.0,0.049400199002714106,1767.4288407094102,10.05585523549665,16.365081858420464
-120.155051,200,66.57264,0.0,0.5121938982004147,3288.6617794882463,18.99568231158455,16.44330889744123
-136.585727,200,66.705166,0.0,0.5243350067803421,3342.333308364575,19.510643680067275,16.711666541822876
-96.567379,200,66.828724,0.0,0.2963427166532947,3365.42162170774,18.40958058396966,16.8271081085387
-96.16155,200,66.941693,0.0,0.47798966933008175,2661.935527298768,15.924580649663215,13.309677636493841
-136.247702,200,67.064602,0.0,0.5533535815912697,2918.94736190296,16.855893797172477,14.5947368095148
-99.087965,200,67.200699,0.0,0.5328967319338196,2509.731985099853,14.930748737691216,12.548659925499264
-86.203581,200,67.336523,0.0,0.20544319903401814,3188.6253218545007,18.027870078596173,15.943126609272504
-154.88358,200,67.772164,0.0,0.5760140438399113,2772.1517719423314,16.714098461827714,13.860758859711657
-80.646233,200,67.914686,0.0,0.30483503263653333,3120.3364117167794,18.502454505579067,15.601682058583897
-142.407928,200,68.033208,0.0,0.5260793659705418,3317.7205312413316,19.238788742940642,16.588602656206657
-149.244639,200,68.148244,0.0,0.565306977407223,2139.3028932139637,12.9866771503523,10.696514466069818
-4.062396,63,68.186234,1.0,0.04993428854430142,914.5206484394361,5.2095245775664925,14.516200768879937
-138.157776,200,68.307777,0.0,0.6250946567226331,2456.542329695337,15.218390929189843,12.282711648476685
-150.302266,200,68.426053,0.0,0.5431845926956623,2191.857936692113,14.488418764516783,10.959289683460565
-51.871767,200,68.553118,0.0,0.24252333151918765,3233.8367027323466,18.630315300699714,16.169183513661732
-75.802321,200,68.680837,0.0,0.21182332032702905,3014.1771649047096,17.58664411246739,15.070885824523549
-147.327431,200,68.799327,0.0,0.6345012397168835,3251.583270995426,19.06826571528387,16.25791635497713
-135.476121,200,68.91389,0.0,0.5718372615531171,2684.7751133181014,16.56205709902193,13.423875566590507
-125.685133,200,69.325977,0.0,0.45027085218156904,2745.030513322236,16.300535431622983,13.725152566611179
-84.842051,200,69.459018,0.0,0.28311980496510947,2114.13509555251,13.673644934782597,10.57067547776255
-92.318592,200,69.577616,0.0,0.3085162099822814,1708.1725627807002,11.443063625224125,8.540862813903502
-116.227359,200,69.703149,0.0,0.33052747474994076,1978.7438565407365,12.762447118095473,9.893719282703682
-137.328616,200,69.825021,0.0,0.4784929209453958,2855.429605711414,16.69619209088743,14.27714802855707
-115.838142,200,69.946107,0.0,0.39742505667773503,2975.896389594815,17.805677203050955,14.879481947974075
-90.387168,200,70.057645,0.0,0.3395571589848824,2387.986067276721,14.295640851680602,11.939930336383604
-108.211252,200,70.175797,0.0,0.3540904038667018,3408.68048658719,18.686638375359532,17.04340243293595
-42.464514,200,70.29187,0.0,0.33252986006897617,2162.5898467001307,13.127595363663032,10.812949233500653
-163.168108,200,70.41047,0.0,0.6561709627532717,3102.6733380911623,17.0409486359638,15.513366690455811
-53.256927,200,70.839611,0.0,0.07334881859376662,3273.054553374203,18.793112449923367,16.365272766871016
-111.153429,200,70.994188,0.0,0.4236514363886805,2886.2262769056124,17.616459951763858,14.431131384528062
-94.914497,200,71.130708,0.0,0.38946141837550524,3408.3005604039818,19.184123156628413,17.04150280201991
-136.096377,200,71.2523,0.0,0.4384584704379511,2143.6844326994983,13.836787903943655,10.718422163497491
-36.412391,200,71.390824,0.0,0.12113286480310821,3024.974269080028,17.704071783718714,15.124871345400141
-44.937369,200,71.515351,0.0,0.30450566624066683,2293.016272353096,14.125503111406179,11.465081361765481
-167.217082,200,71.634893,0.0,0.7840344463556953,3210.7487367298586,18.66612601248874,16.053743683649294
-137.77125,200,71.753951,0.0,0.5704857914019996,2762.6170607232575,15.942442407118524,13.813085303616287
-135.021905,200,71.882472,0.0,0.42868057714203706,2339.9683190474702,14.557022976531096,11.699841595237352
-153.982187,200,72.005307,0.0,0.7044057703463775,2845.2736903243763,17.25887291330783,14.226368451621882
-68.013502,200,72.468976,0.0,0.40969445210646815,3298.1106629144424,19.178808121927833,16.49055331457221
-106.729717,200,72.60949,0.0,0.3681208930253304,2462.0540180502685,15.026990271164502,12.310270090251343
-96.960559,200,72.74104,0.0,0.2551346256722443,1963.8314376822148,12.02265035055888,9.819157188411074
-107.047547,200,72.856419,0.0,0.3941886075221816,3036.384308068258,18.057838501052927,15.18192154034129
-126.755433,200,72.989598,0.0,0.46678703976423536,2994.3972369028,17.44991033731796,14.971986184514002
-58.965494,200,73.105111,0.0,0.28232413738256945,1372.0100798503888,9.367051927171795,6.860050399251944
-61.397233,200,73.226627,0.0,0.3612835709557529,2023.7331477937562,12.525304538630284,10.118665738968781
-129.496454,200,73.340719,0.0,0.4919906575409942,3253.788600171378,18.333862688317613,16.26894300085689
-121.395485,200,73.462734,0.0,0.40578142026887304,2122.991007774331,13.832548913695161,10.614955038871656
-18.112615,86,73.510924,1.0,0.04929896719719347,606.3875313340441,4.039989178978728,7.051017806209814
-60.046543,200,73.631985,0.0,0.37662957400621555,2168.2058812197624,13.403331663357534,10.841029406098812
-52.207757,200,74.099941,0.0,0.36394174835572735,1832.5170619577025,12.002201058803982,9.162585309788513
-121.59817,200,74.24263,0.0,0.4364969990057129,2928.9851912256113,17.79325497245166,14.644925956128056
-51.116151,200,74.366733,0.0,0.4630520011798323,1381.1971921179008,8.94340357627984,6.905985960589504
-120.263321,200,74.480299,0.0,0.4799846454667536,1825.6268736013824,12.361493450222493,9.128134368006911
-119.762164,200,74.600837,0.0,0.4976998326300219,2211.563765756773,14.177220688842457,11.057818828783866
-54.511687,200,74.714352,0.0,0.29109876167288634,2416.2634268385723,14.539406569780578,12.081317134192862
-89.546845,200,74.836671,0.0,0.24766825962169298,2170.0072543994343,14.12215363028616,10.85003627199717
-78.654851,200,74.954706,0.0,0.14637778753968167,1729.8521987263416,11.651270815896513,8.649260993631708
-96.999407,200,75.117926,0.0,0.4284345530402504,3236.0292172940253,18.875055839730834,16.180146086470128
-89.992019,200,75.241453,0.0,0.4230616166359937,2461.7924448376143,15.06947996206653,12.308962224188072
-92.72327,200,75.659472,0.0,0.32728498486679936,2004.9361207883637,12.718119103170213,10.02468060394182
-48.153121,200,75.788992,0.0,0.38880052233268525,1313.2813908435846,8.57914781608694,6.566406954217923
-46.92184,200,75.919533,0.0,0.4526077544360722,1410.5348472670871,9.405552658160628,7.052674236335435
-136.427342,200,76.033087,0.0,0.49135751002200473,3356.1500604081575,19.543020789299273,16.780750302040786
-68.250342,200,76.158576,0.0,0.2760186554219651,2553.0116171093823,15.130632891634287,12.765058085546912
-70.715631,200,76.281925,0.0,0.18237817416380891,3388.6017683421633,19.230248107414713,16.943008841710817
-148.371412,200,76.418975,0.0,0.48384367022284924,2212.5052375107393,14.085180970320964,11.062526187553697
-142.301544,200,76.542787,0.0,0.5579850898464437,3290.7965380054993,18.989297956403483,16.453982690027498
-61.081691,200,76.681346,0.0,0.1790946559127362,2591.24683067369,15.891812078993148,12.95623415336845
-71.710946,200,76.814865,0.0,0.21033376727003095,3017.409732234038,17.03835551368769,15.08704866117019
-161.610583,200,76.945274,0.0,0.7414536663301753,3151.439165833193,18.1010567856731,15.757195829165964
-78.873352,200,77.418402,0.0,0.27094845925512956,2240.8944535035903,13.748945537615471,11.204472267517952
-64.975876,200,77.564202,0.0,0.1427686716165108,2353.8389749031912,13.825276952363401,11.769194874515955
-22.794197,102,77.626206,1.0,0.045919739644148395,532.0544251304171,3.509477397157652,5.2162198542197755
-130.549226,200,77.76007,0.0,0.5041746595792536,3165.8204424079104,19.09589453689957,15.829102212039551
-101.067319,200,77.876594,0.0,0.3923502927749952,1712.5389883423557,11.863752633793057,8.562694941711777
-158.805397,200,77.99412,0.0,0.7044023327502165,2970.8885220266457,17.3122053815777,14.854442610133228
-126.193659,200,78.116623,0.0,0.49231170797988694,3108.430174302943,17.899415132334862,15.542150871514716
-54.996311,200,78.235755,0.0,0.3831076735977831,1478.5337189299046,9.767851718643087,7.392668594649523
-64.260017,200,78.358707,0.0,0.11024238691620745,3169.387206436106,18.519489455823003,15.846936032180531
-91.801532,200,78.509246,0.0,0.2900533491179218,1855.02871673836,11.900062788257902,9.275143583691799
-58.419083,200,78.977018,0.0,0.1344113844976679,2999.239731096457,17.871710061399728,14.996198655482285
-84.568715,200,79.136865,0.0,0.21834440728242857,3319.991093281352,18.737855777928498,16.599955466406758
-61.993311,200,79.265567,0.0,0.5436738685225992,1188.5957000053493,8.640804355409283,5.942978500026746
-54.90168,200,79.38509,0.0,0.33988101243882957,2034.8673373663405,12.437930499023368,10.174336686831703
-162.522311,200,79.503618,0.0,0.653009464629896,2830.4647895795624,17.056244914804275,14.152323947897813
-96.024024,200,79.620716,0.0,0.31624657160988945,2419.0346028740128,14.410633109633963,12.095173014370063
-53.411294,200,79.741233,0.0,0.45177917070072193,1684.624886394273,10.72763284696831,8.423124431971365
-119.739377,200,79.861275,0.0,0.4839711191589475,1730.7879330193193,11.802681915089,8.653939665096596
-49.60627,200,79.97679,0.0,0.442075806777727,1434.2051652582747,9.830508966591564,7.171025826291373
-131.440763,200,80.098899,0.0,0.5378621743070962,2814.284762393579,16.810979112045132,14.071423811967895
-171.494636,200,80.224441,0.0,0.7815535320915439,3386.621127538004,19.595586234826083,16.93310563769002
-96.185516,200,80.678382,0.0,0.32262396546957395,3259.7949671215506,18.435809532507932,16.29897483560775
-71.72039,200,80.814136,0.0,0.1445177758061183,2864.0253239663193,15.975349213737399,14.320126619831596
-158.01266,200,80.939687,0.0,0.6751421246978699,3279.9595835165082,18.459908297183212,16.399797917582543
-21.389041,80,80.994068,1.0,0.04955141941840652,418.1456784790217,3.039336620233333,5.226820980987771
-127.41238,200,81.109586,0.0,0.4457234688364106,2203.7787486669504,13.774746664438844,11.018893743334752
-119.726118,200,81.2191,0.0,0.45539237168006624,2835.6032828542334,17.21923039281684,14.178016414271166
-83.105845,200,81.337868,0.0,0.19129625857346705,3401.7034688810368,19.72923065950496,17.008517344405185
-50.248567,200,81.458468,0.0,0.33119185460779127,1758.365537911573,10.845169339429452,8.791827689557865
-149.995789,200,81.586985,0.0,0.6762850986674978,3096.28164418469,18.209562966374058,15.481408220923448
-164.578076,200,81.71037,0.0,0.7023084944550623,3254.7633601730454,19.336724459561843,16.273816800865227
-64.363402,200,82.129423,0.0,0.1957713039394918,1308.8153109571917,8.719342503966047,6.544076554785959
-52.234943,200,82.277453,0.0,0.4366606172711805,2020.4826936085328,12.903273893352617,10.102413468042664
-95.653687,200,82.404017,0.0,0.2929771623625782,2752.4758512633057,16.04216366449677,13.762379256316528
-70.818825,200,82.519536,0.0,0.4130115730706564,1583.520662625742,10.551780270319098,7.91760331312871
-91.572423,200,82.665913,0.0,0.4160589753075593,1561.484368271876,10.725330344376845,7.80742184135938
-137.830535,200,82.793433,0.0,0.5045620041561711,3074.0202911789497,17.893409414637617,15.370101455894748
-63.251298,200,82.91395,0.0,0.1378664860753202,3406.5823427200007,19.01353817129307,17.032911713600004
-75.631233,200,83.040282,0.0,0.4512901466246614,2435.9528610624784,14.71873933501515,12.179764305312393
-87.906718,200,83.170501,0.0,0.21828616715663865,3058.6612636566624,17.42521418562976,15.293306318283312
-37.013478,200,83.287633,0.0,0.2892419930344595,2800.4695876076767,15.698921880551877,14.002347938038383
-127.723817,200,83.408148,0.0,0.45743570499759834,3400.930368316452,19.222966458564976,17.00465184158226
-136.813026,200,83.838457,0.0,0.5178660799089583,3075.226512033069,18.75383087801784,15.376132560165345
-40.371304,200,83.969488,0.0,0.24855790594364785,2575.3049023082244,15.169228789065476,12.876524511541122
-44.269958,200,84.095015,0.0,0.12714028257622392,2810.5319644213296,16.25127219170936,14.052659822106648
-103.714596,200,84.212476,0.0,0.37810780901868857,1838.9766365564503,12.143390646125063,9.194883182782252
-87.860529,200,84.337007,0.0,0.24825928688571527,2807.062443487546,16.137068984305575,14.03531221743773
-100.2101,200,84.452051,0.0,0.4215880110104443,1480.0059682948022,10.031167107510177,7.400029841474011
-63.920007,200,84.566577,0.0,0.08408575322130944,3192.3590604428364,18.35800782090544,15.961795302214181
-50.821517,200,84.684097,0.0,0.10294215601565629,3102.242413484392,17.85996289836882,15.511212067421958
-147.151219,200,84.798624,0.0,0.4871727458047943,2237.8330564601865,13.852187848300444,11.189165282300932
-146.544175,200,84.921154,0.0,0.5705504347800662,3376.965732562525,19.46327680006448,16.884828662812623
-59.498487,200,85.371058,0.0,0.24946599004230668,2138.5353166501363,13.127162068834885,10.692676583250682
-121.014881,200,85.520889,0.0,0.47518121175272315,3343.5689783956445,20.162844967725754,16.717844891978224
-164.148053,200,85.638405,0.0,0.7330918334054367,2821.4967610191848,16.476327719504017,14.107483805095924
-101.392185,200,85.751445,0.0,0.4314844258204641,2798.541676980232,16.89205416606352,13.992708384901158
-19.526284,88,85.800447,1.0,0.04623892184707954,305.38844253933956,2.517089509944417,3.470323210674313
-74.516598,200,85.917965,0.0,0.2969717863527978,1584.321258412302,10.883305223174531,7.921606292061511
-128.823197,200,86.031482,0.0,0.48258795973380086,3244.887110292361,18.894882255180097,16.224435551461806
-64.310205,200,86.148003,0.0,0.3868466362147186,1696.3100593391325,11.080629136315208,8.481550296695662
-53.617715,200,86.264043,0.0,0.23144711696190268,982.3458986359376,6.502325467895585,4.911729493179688
-102.672445,200,86.37663,0.0,0.3616852408565064,2920.900863126816,17.46423387969728,14.604504315634081
-150.384348,200,86.490598,0.0,0.6397875305363234,3261.997066546022,19.07796195889986,16.309985332730108
-146.459714,200,87.061188,0.0,0.5256704470501136,1971.0839370818535,13.077638208034111,9.855419685409267
-71.108767,200,87.202711,0.0,0.14227470054940838,1037.6923431480711,6.983914044732093,5.188461715740356
-172.978461,200,87.318223,0.0,0.7337348514401322,2900.8631365870506,16.926075177452685,14.504315682935253
-40.936491,200,87.433872,0.0,0.21619080140210883,2190.455101675318,12.606247619529903,10.95227550837659
-160.779709,200,87.556186,0.0,0.6881063540944389,2816.22863074449,16.849722148403103,14.08114315372245
-63.365033,200,87.684481,0.0,0.41852224667272103,1787.4035546025814,11.366520573306717,8.937017773012906
-54.155312,200,87.803455,1.0,0.04639443546618177,3241.015539521251,18.230544692929957,16.205077697606256
-76.628122,200,87.923973,0.0,0.23226068611506517,2152.0215970747745,13.394828301583305,10.760107985373873
-121.150783,200,88.054019,0.0,0.4008529909706731,1822.2487650506826,11.616774048654912,9.111243825253412
-155.778107,200,88.179734,0.0,0.658242284295381,2726.1008366282763,16.356194335022703,13.630504183141381
-153.042905,200,88.670318,0.0,0.6613972737234981,3301.9532605861223,19.376342067749192,16.50976630293061
-119.036338,200,88.818842,0.0,0.2981060208017536,1295.4022598130025,9.130221292948743,6.477011299065013
-71.612726,200,88.939371,0.0,0.20444592386786,2917.495108411718,16.692485196477584,14.58747554205859
-40.49575,200,89.093699,0.0,0.40728667394919293,2483.3644948920237,14.768929380717697,12.416822474460119
-59.251265,200,89.307762,0.0,0.41709304073542164,2799.7321684061467,16.09739351339541,13.998660842030734
-126.74696,200,89.450297,0.0,0.39520001572894425,1913.1772796785183,12.668907338377677,9.56588639839259
-125.625975,200,89.585351,0.0,0.48750183009269327,3308.8709862447636,19.314562635313333,16.54435493122382
-105.570064,200,89.724895,0.0,0.4574897937325968,1729.2264393042058,11.597387597041651,8.646132196521028
-121.877482,200,89.856308,0.0,0.3074352536613719,1688.6794965551203,10.535129751916266,8.443397482775602
-114.46644,200,89.982899,0.0,0.30559817538138934,1565.8238153130198,9.447571816423787,7.8291190765650995
-49.052421,200,90.394947,0.0,0.34414185465813213,2387.62060574333,14.62834618998157,11.93810302871665
-65.718843,200,90.537033,0.0,0.19494808150142573,1742.972274215009,11.172985449381425,8.714861371075045
-133.365238,200,90.666059,0.0,0.5706485017390599,2483.904618785166,14.5125879689762,12.419523093925829
-162.693492,200,90.801142,0.0,0.704912104400206,2626.8024643156964,15.72871826071636,13.134012321578481
-175.735606,200,90.921664,0.0,0.7954541827452131,3408.5108599744367,19.761435628020305,17.042554299872183
-134.187503,200,91.038197,0.0,0.48203814524067645,2645.3286984390343,17.520873910553195,13.226643492195171
-55.023987,200,91.155221,0.0,0.41094240272051025,968.9123427780753,7.038091944473886,4.844561713890377
-72.332914,200,91.274766,0.0,0.2283109590970028,2864.828315773536,16.98868550328719,14.32414157886768
-47.359978,194,91.384234,1.0,0.044476431824047036,2984.1140807370175,17.364773253361083,15.382031344005245
-119.443622,200,91.50076,0.0,0.4211341949898144,2411.5100550868824,14.531042089733432,12.057550275434412
-40.41838,200,91.619313,0.0,0.3782362816738577,2197.487071686164,13.60137592592382,10.98743535843082
-97.400977,200,92.148701,0.0,0.2869095089355878,3165.9883117029863,18.35690851702562,15.829941558514932
-102.910488,200,92.275325,0.0,0.3165288295941303,2862.2879139375027,16.06658019615567,14.311439569687513
-88.221971,200,92.398846,0.0,0.3269001870962918,2862.282029750319,16.986223774393405,14.311410148751595
-99.998768,200,92.527372,0.0,0.3379186391132471,1982.5062034411337,12.600474255188054,9.91253101720567
-29.04211,152,92.620902,1.0,0.049992558381871804,2657.8491399434984,14.555112123025609,17.48584960489144
-163.100622,200,92.740428,0.0,0.6779333461400434,2572.7817815869394,15.864313759294037,12.863908907934697
-53.917997,200,92.862463,0.0,0.3035186947263138,1421.8888460084588,9.50956385847598,7.109444230042294
-74.175797,200,92.982977,0.0,0.3055569457870798,2080.0777053900947,13.33532809321413,10.400388526950474
-41.288626,200,93.097039,0.0,0.32048486797886055,2018.4602270428013,12.025099334666871,10.092301135214006
-123.443801,200,93.221565,0.0,0.5707858043787728,3366.052642965464,18.971247652424903,16.830263214827323
-50.271762,200,93.798572,0.0,0.18685556747931942,2807.1163612445603,15.536556377768324,14.035581806222801
-75.186507,200,93.951101,0.0,0.2485335061762869,2624.800121508715,14.932106685662355,13.124000607543575
-105.502676,200,94.07215,0.0,0.35315161153196384,2096.9839987886835,13.699027919979327,10.484919993943418
-167.335485,200,94.207657,0.0,0.704152407336608,2692.2087231206183,16.58865574264892,13.461043615603092
-110.882523,200,94.364643,0.0,0.3224065403452095,1687.7843866300518,11.441893390154895,8.43892193315026
-172.206291,200,94.499586,0.0,0.7855971749738926,3242.894808221941,19.23350602646248,16.214474041109703
-109.798793,200,94.70432,0.0,0.294090916138139,1732.6082043880963,11.998329526181283,8.663041021940481
-105.13045,200,94.843876,0.0,0.31232346618745127,1730.3311104506968,11.697706913707863,8.651655552253484
-91.763235,200,94.973677,0.0,0.3104745283910712,3001.4845374667384,17.862906286234868,15.007422687333692
-47.50889,200,95.11403,0.0,0.13003749429449124,2906.229437565132,16.478941817671114,14.53114718782566
-90.696244,200,95.754624,0.0,0.3300152185243811,2886.557849176207,17.46442785049283,14.432789245881036
-92.282808,200,95.935407,0.0,0.3463494192349871,2354.082215006846,14.084822172903072,11.77041107503423
-75.663971,200,96.058933,0.0,0.12377527384054618,1521.9096987657438,9.721451477873762,7.609548493828719
-155.662922,200,96.184441,0.0,0.7043902500913268,3267.3499651541915,18.947512179422972,16.33674982577096
-78.6661,200,96.308001,0.0,0.2589764641840049,2898.3086419565448,16.983581292467832,14.491543209782725
-25.954689,106,96.369455,1.0,0.049945070737318555,619.4578742899305,4.262089657815894,5.843942210282363
-157.218872,200,96.487976,0.0,0.6715388676579723,2955.856130252128,17.572808574112937,14.77928065126064
-146.477887,200,96.607499,0.0,0.6178376326683467,3298.852726340238,19.40548133794931,16.49426363170119
-140.827029,200,96.72565,0.0,0.5764405001159386,3315.1273435430985,19.00314523833215,16.575636717715494
-126.164819,200,96.84518,0.0,0.3016427725312795,1669.8715445317398,11.146657526337146,8.349357722658699
-129.600604,200,96.962879,0.0,0.5184879143481115,2200.006682872327,14.473428822516642,11.000033414361635
